helpful_votes,page_url,total_review
368,https://www.amazon.com/hz/gamification/api/contributor/dashboard/amzn1.account.AGGFZBQAP2T4W35RD3LVZIZI2TXQ,55
75,https://www.amazon.com/hz/gamification/api/contributor/dashboard/amzn1.account.AEXS67HDGXXTTYOK4T2CCTZYHPDA,45
"4,881",https://www.amazon.com/hz/gamification/api/contributor/dashboard/amzn1.account.AGTQ5I6QP7GZJD7IDUMOBXRPS3MQ,"3,812"
124,https://www.amazon.com/hz/gamification/api/contributor/dashboard/amzn1.account.AGUKGMUVTKUZL4ZL76JE26ZT2WNQ,51
"1,728",https://www.amazon.com/hz/gamification/api/contributor/dashboard/amzn1.account.AGMDZD5WP2A4R7K3QWIFZQJ6HASA,"1,095"
27,https://www.amazon.com/hz/gamification/api/contributor/dashboard/amzn1.account.AGVG2EMXDS5WPTFZEJ6JHMKPO3MA,11
36,https://www.amazon.com/hz/gamification/api/contributor/dashboard/amzn1.account.AFIBXTO5LAVFH5GWNGK2KG7XFM3Q,13
78,https://www.amazon.com/hz/gamification/api/contributor/dashboard/amzn1.account.AHVUSXDQS2GZLX6YGDWB2RRHYP3A,40
417,https://www.amazon.com/hz/gamification/api/contributor/dashboard/amzn1.account.AGA32VQ34TFNVWHEJJ3S6OYIPEWA,176
389,https://www.amazon.com/hz/gamification/api/contributor/dashboard/amzn1.account.AHIUMFXO6XINZNXOHEPFVS4RPQZA,98
355,https://www.amazon.com/hz/gamification/api/contributor/dashboard/amzn1.account.AFSMMWZYOLPIJJ7AFIHJ25MO5C3Q,92
17,https://www.amazon.com/hz/gamification/api/contributor/dashboard/amzn1.account.AGS7PPRHJWIQMFZQTS7LF2SW7GUA,39
201,https://www.amazon.com/hz/gamification/api/contributor/dashboard/amzn1.account.AEO7TZPDJLJV2AI6OUK34QOJYPEA,67
47,https://www.amazon.com/hz/gamification/api/contributor/dashboard/amzn1.account.AGUQ73NSPEYI34ZVN2ZNJQPNLYQA,63
12,https://www.amazon.com/hz/gamification/api/contributor/dashboard/amzn1.account.AFLW752FOMTD52UUUGBXFXJFZKYA,8
82,https://www.amazon.com/hz/gamification/api/contributor/dashboard/amzn1.account.AHYNPXNQP6SIVL4G5AXQA6XK3IZA,48
119,https://www.amazon.com/hz/gamification/api/contributor/dashboard/amzn1.account.AGJJ7ST4E33QVY6JA3WVVRMONN4Q,99
335,https://www.amazon.com/hz/gamification/api/contributor/dashboard/amzn1.account.AHTQKLF3S37NTRBGCZYPSKA555UA,104
204,https://www.amazon.com/hz/gamification/api/contributor/dashboard/amzn1.account.AFTTE6424FHQLSQFBJ7ZV5MC4ZEQ,103
165,https://www.amazon.com/hz/gamification/api/contributor/dashboard/amzn1.account.AEBEJ6DXXVSLCXD6NJ4XPVWRYDNA,274
116,https://www.amazon.com/hz/gamification/api/contributor/dashboard/amzn1.account.AENEYGV72ZRMMQW4AFOU2HJ2RKOQ,164
272,https://www.amazon.com/hz/gamification/api/contributor/dashboard/amzn1.account.AHD432PIB4IJZI2VSAR43N5BCYOQ,104
20,https://www.amazon.com/hz/gamification/api/contributor/dashboard/amzn1.account.AHGJNUY3EUEMWMAQTCGERIGD3RAQ,23
306,https://www.amazon.com/hz/gamification/api/contributor/dashboard/amzn1.account.AHH4MV4DAWTEQDCEGBJR5TQWZSOA,123
158,https://www.amazon.com/hz/gamification/api/contributor/dashboard/amzn1.account.AFG7QTLEYHFJYMMXZOKLQ7PJLDQA,63
309,https://www.amazon.com/hz/gamification/api/contributor/dashboard/amzn1.account.AE3XGUZDWLRHJXT3G35WFBX3LT3A,488
105,https://www.amazon.com/hz/gamification/api/contributor/dashboard/amzn1.account.AE3EMCH2ZEYEMWUWEIESDHSFGYJQ,47
41,https://www.amazon.com/hz/gamification/api/contributor/dashboard/amzn1.account.AGQ2BUGZXKYQGNP4H6M2EB2LNUFA,63
243,https://www.amazon.com/hz/gamification/api/contributor/dashboard/amzn1.account.AH7DCJH7OPS4XGTVYEZVKHXY6PMA,87
13,https://www.amazon.com/hz/gamification/api/contributor/dashboard/amzn1.account.AFQHXDPCSEG55FO2CM2JHKXLCAXQ,14
80,https://www.amazon.com/hz/gamification/api/contributor/dashboard/amzn1.account.AE6ITUJPCIRY7F7MDUBENPWD5C7A,33
96,https://www.amazon.com/hz/gamification/api/contributor/dashboard/amzn1.account.AEEQH2C6YF7KBKDCBZZ4IGOIAFLA,32
18,https://www.amazon.com/hz/gamification/api/contributor/dashboard/amzn1.account.AE4PBCXR4ORPIZR5DAGM6UQ2WOHQ,55
30,https://www.amazon.com/hz/gamification/api/contributor/dashboard/amzn1.account.AF3BCC6QKYN6QPMZXY2WPC4KTY6A,53
"1,299",https://www.amazon.com/hz/gamification/api/contributor/dashboard/amzn1.account.AFTPC7XK7ZWHRGU622TBRJVDQ5MQ,657
194,https://www.amazon.com/hz/gamification/api/contributor/dashboard/amzn1.account.AHOLY6TZICEZMYCXRPNEWEXHIKEA,37
11,https://www.amazon.com/hz/gamification/api/contributor/dashboard/amzn1.account.AEGZNZOBMC46WG76IZJMOVQNGGZA,15
490,https://www.amazon.com/hz/gamification/api/contributor/dashboard/amzn1.account.AFAWHRH5SMYTLVJAA4D2ALJHN5HA,579
524,https://www.amazon.com/hz/gamification/api/contributor/dashboard/amzn1.account.AEJS6MM4HBJ4ZYHVZML6KTSDB46Q,288
255,https://www.amazon.com/hz/gamification/api/contributor/dashboard/amzn1.account.AHANMJCCEL6LRR5R5I5LDMDMVV4Q,58
5,https://www.amazon.com/hz/gamification/api/contributor/dashboard/amzn1.account.AEASO7TBNNNSUMNUPQ54DEGQK3ZA,14
189,https://www.amazon.com/hz/gamification/api/contributor/dashboard/amzn1.account.AGFY6UBNDHL7PCEFFSPFEY4GWXZA,85
55,https://www.amazon.com/hz/gamification/api/contributor/dashboard/amzn1.account.AG2FXNTAV22D7NCVD5X2223ILV5A,55
6,https://www.amazon.com/hz/gamification/api/contributor/dashboard/amzn1.account.AHNDLJP3E33HNNYGERJK65C6IAXA,16
499,https://www.amazon.com/hz/gamification/api/contributor/dashboard/amzn1.account.AHEJIGNWOITSQ4DHM2EA7V5XN67A,107
21,https://www.amazon.com/hz/gamification/api/contributor/dashboard/amzn1.account.AEH7YM6467TBFMEJARBJRPS4QUWQ,16
162,https://www.amazon.com/hz/gamification/api/contributor/dashboard/amzn1.account.AGBYOQWGIC7GDFWTRIB6QDFJCQHQ,145
59,https://www.amazon.com/hz/gamification/api/contributor/dashboard/amzn1.account.AE56DA5YOHKMRWZ3L2DLS6HA2TOA,26
25,https://www.amazon.com/hz/gamification/api/contributor/dashboard/amzn1.account.AG35NWCIBMMZHO25EOUVVZHFU2VA,50
50,https://www.amazon.com/hz/gamification/api/contributor/dashboard/amzn1.account.AHPJWT7QB3X5CI4JGIZMLAV7HABA,45
159,https://www.amazon.com/hz/gamification/api/contributor/dashboard/amzn1.account.AE232YBRBUULHQ5FB2VH2Q6I4VGQ,111
82,https://www.amazon.com/hz/gamification/api/contributor/dashboard/amzn1.account.AFXIGE2ZDPKWXPIMGC7NJF3XAOPA,49
11,https://www.amazon.com/hz/gamification/api/contributor/dashboard/amzn1.account.AFDEFWCDKBKEHM6P752TJODIF72Q,26
75,https://www.amazon.com/hz/gamification/api/contributor/dashboard/amzn1.account.AH4MME55C2XN57W24HEG32GSI7BA,7
113,https://www.amazon.com/hz/gamification/api/contributor/dashboard/amzn1.account.AG57ZXIB6UZDNONMUWGMZDZ5C2WQ,60
262,https://www.amazon.com/hz/gamification/api/contributor/dashboard/amzn1.account.AHBEBI5W5BGXFJCFJNZM2G22CZ2Q,129
44,https://www.amazon.com/hz/gamification/api/contributor/dashboard/amzn1.account.AGIZTYOIQ3WTU2OALL6VEBJH5TEA,75
45,https://www.amazon.com/hz/gamification/api/contributor/dashboard/amzn1.account.AG6B5XUJVJUTJOITMJAJ5CBYBVJQ,50
8,https://www.amazon.com/hz/gamification/api/contributor/dashboard/amzn1.account.AGWENJEGBD45KCZBLNUHTXDW3GPQ,20
36,https://www.amazon.com/hz/gamification/api/contributor/dashboard/amzn1.account.AGIXKDUFZY3DR3YFCICCND7A25JA,63
11,https://www.amazon.com/hz/gamification/api/contributor/dashboard/amzn1.account.AG22AKGD2PCDKMIDERK4ASHMB3VA,18
61,https://www.amazon.com/hz/gamification/api/contributor/dashboard/amzn1.account.AEDJV34LEUNBIJ7LN34LLG5QGVIA,58
13,https://www.amazon.com/hz/gamification/api/contributor/dashboard/amzn1.account.AGAFPSJA2GR3OCG3FAWJRBHI7TGA,65
158,https://www.amazon.com/hz/gamification/api/contributor/dashboard/amzn1.account.AFZ4ZTQKHAW5EGLLT2L7GUPFIMAQ,98
135,https://www.amazon.com/hz/gamification/api/contributor/dashboard/amzn1.account.AEWRE4LF26BAAXTRRU2T5DEEM6BA,194
1,https://www.amazon.com/hz/gamification/api/contributor/dashboard/amzn1.account.AHZF3DPRT5YZRMA66T3DMGZKVOGQ,7
22,https://www.amazon.com/hz/gamification/api/contributor/dashboard/amzn1.account.AGFYABZL2HPWQ7RZXL5DO365KV5Q,49
204,https://www.amazon.com/hz/gamification/api/contributor/dashboard/amzn1.account.AFDAUVCNK7XM3LSIP6QUOHA7FYQA,156
92,https://www.amazon.com/hz/gamification/api/contributor/dashboard/amzn1.account.AHQEL4NJAVTKQIVNZB7JHFHW63LQ,213
107,https://www.amazon.com/hz/gamification/api/contributor/dashboard/amzn1.account.AEWRITOHTVQNOFE2ASHB5RHXWVNQ,43
46,https://www.amazon.com/hz/gamification/api/contributor/dashboard/amzn1.account.AFMCP3QPYCVR5AZ55CDXY6KNA7SQ,83
34,https://www.amazon.com/hz/gamification/api/contributor/dashboard/amzn1.account.AHSRYQFVKOO4WPZAWAOQIVUO6GZA,23
71,https://www.amazon.com/hz/gamification/api/contributor/dashboard/amzn1.account.AFANO2SDPWE6JWONIWSEJDUGKKRA,78
403,https://www.amazon.com/hz/gamification/api/contributor/dashboard/amzn1.account.AHQVRVDKATGQJ2T5TVJYKZSLF4PQ,74
13,https://www.amazon.com/hz/gamification/api/contributor/dashboard/amzn1.account.AFKWKZRYUCCO5SX46TK7BUIRZCEA,101
15,https://www.amazon.com/hz/gamification/api/contributor/dashboard/amzn1.account.AGA2MBOZ544UH2GD52ZHR7RWLOBQ,24
254,https://www.amazon.com/hz/gamification/api/contributor/dashboard/amzn1.account.AEIOWXF2AQOHWK7O6PDETX47CFCQ,237
27,https://www.amazon.com/hz/gamification/api/contributor/dashboard/amzn1.account.AHJMNTAIYP6QKZ7OEURYLWHKGVJA,73
27,https://www.amazon.com/hz/gamification/api/contributor/dashboard/amzn1.account.AHMRNFEKS2QSNQYGUERVSDEVOJTQ,29
134,https://www.amazon.com/hz/gamification/api/contributor/dashboard/amzn1.account.AFNYEYHSRYYBKFKPD4IMAJIPNBMQ,71
58,https://www.amazon.com/hz/gamification/api/contributor/dashboard/amzn1.account.AGK2DNY72BF3CC3R3K3XPNTWXDYQ,72
23,https://www.amazon.com/hz/gamification/api/contributor/dashboard/amzn1.account.AEMKGXPR7PKL72P7BTYXCBCMEM3Q,20
1,https://www.amazon.com/hz/gamification/api/contributor/dashboard/amzn1.account.AHPMNVFRG3C4ZSIXSEI7VYPQEKJQ,45
29,https://www.amazon.com/hz/gamification/api/contributor/dashboard/amzn1.account.AF374CFET2C2U2ZNNO2UQBM4PYHQ,50
45,https://www.amazon.com/hz/gamification/api/contributor/dashboard/amzn1.account.AFW7S35GIGK2JMHH2UUDHWSD7SZA,40
8,https://www.amazon.com/hz/gamification/api/contributor/dashboard/amzn1.account.AF27TCI6IXRRWQWTTID23YMLNKFA,70
14,https://www.amazon.com/hz/gamification/api/contributor/dashboard/amzn1.account.AEOY7H4WVWZWEXSHMHOR6KI7MQ7A,38
21,https://www.amazon.com/hz/gamification/api/contributor/dashboard/amzn1.account.AGQ45XWLLXVGAKMNJGFEHSJQXZGA,69
148,https://www.amazon.com/hz/gamification/api/contributor/dashboard/amzn1.account.AGWYMPST2CHG27RRMXQGPN2L6FRA,261
13,https://www.amazon.com/hz/gamification/api/contributor/dashboard/amzn1.account.AFPBNWOVXPDIB7V76JQNPPA7II5A,46
16,https://www.amazon.com/hz/gamification/api/contributor/dashboard/amzn1.account.AGPDNVINGYXUG4HB5OHDBKQ6XCLQ,30
721,https://www.amazon.com/hz/gamification/api/contributor/dashboard/amzn1.account.AHIA6D53HUFOI3F7HPLRZZ4OSGYA,220
8,https://www.amazon.com/hz/gamification/api/contributor/dashboard/amzn1.account.AFB3QXHL66CGRJMY7KZD2V4T6I7A,20
9,https://www.amazon.com/hz/gamification/api/contributor/dashboard/amzn1.account.AFNHSE75XYVRTP7M62LHNLRCGCZA,25
26,https://www.amazon.com/hz/gamification/api/contributor/dashboard/amzn1.account.AG4OW3G22EGZ5AV234YWSOIKDY5Q,57
12,https://www.amazon.com/hz/gamification/api/contributor/dashboard/amzn1.account.AHBR7UWDIMNXLIYUF2MIU26FJYNQ,79
27,https://www.amazon.com/hz/gamification/api/contributor/dashboard/amzn1.account.AGV2VNRXVRXGSHBO7MFYIBTIAXKA,69
48,https://www.amazon.com/hz/gamification/api/contributor/dashboard/amzn1.account.AF42GFLQ74E7TNUGMHLPGUHI4ZTA,191
7,https://www.amazon.com/hz/gamification/api/contributor/dashboard/amzn1.account.AEQ7LSR43D3FTUKLXWQTBHE5PX2Q,42
17,https://www.amazon.com/hz/gamification/api/contributor/dashboard/amzn1.account.AH25MQDYEXHFY3LP4KC4TU2PB2IQ,21
396,https://www.amazon.com/hz/gamification/api/contributor/dashboard/amzn1.account.AEJLZN6735OSAO67C4CGCYCFICAA,301
11,https://www.amazon.com/hz/gamification/api/contributor/dashboard/amzn1.account.AGYX4CJ6K7NGCPO2LKARV633K2IA,38
26,https://www.amazon.com/hz/gamification/api/contributor/dashboard/amzn1.account.AG75XV4Z5U4HYOLWSP4YTI4WDOLQ,44
269,https://www.amazon.com/hz/gamification/api/contributor/dashboard/amzn1.account.AEVX4SULJM7YH6B6DUH2RSZF2JCA,189
32,https://www.amazon.com/hz/gamification/api/contributor/dashboard/amzn1.account.AGZKICX75SHU23HKRWOYDMB2Q3PA,49
7,https://www.amazon.com/hz/gamification/api/contributor/dashboard/amzn1.account.AEC3YMOUGI2L72T6TDWUXG3XLEVQ,16
275,https://www.amazon.com/hz/gamification/api/contributor/dashboard/amzn1.account.AE7BARFAT6D42NSKU2IVLGYPJTZA,120
74,https://www.amazon.com/hz/gamification/api/contributor/dashboard/amzn1.account.AGVXU677BM27MR5LKUVIWH2QF5BQ,69
4,https://www.amazon.com/hz/gamification/api/contributor/dashboard/amzn1.account.AGG7AKA2XRXXQFSKIDTBLAOWDAZA,4
7,https://www.amazon.com/hz/gamification/api/contributor/dashboard/amzn1.account.AGS5XREC2FFXVUBIMNFJTSDHOMWA,23
34,https://www.amazon.com/hz/gamification/api/contributor/dashboard/amzn1.account.AGN5AUE6VZRVPNZGULCXWQI2SRYA,30
11,https://www.amazon.com/hz/gamification/api/contributor/dashboard/amzn1.account.AGLCRTCWMF5AVI5EEHHQWQJ44XTQ,23
1,https://www.amazon.com/hz/gamification/api/contributor/dashboard/amzn1.account.AEJN5UXDPLRIERUX7RHDGQBNYX7A,4
57,https://www.amazon.com/hz/gamification/api/contributor/dashboard/amzn1.account.AHMUAGKIPIHX6POLYIPQAQRVAOMQ,51
199,https://www.amazon.com/hz/gamification/api/contributor/dashboard/amzn1.account.AE2YYFUYZ7AD55DLQ3AUJCDT2TIA,100
116,https://www.amazon.com/hz/gamification/api/contributor/dashboard/amzn1.account.AEAJGFWVC5JWRNPNENKBCSONA3NA,13
42,https://www.amazon.com/hz/gamification/api/contributor/dashboard/amzn1.account.AF52YXYB7VVEXBW7CT65MD3G4I7Q,62
9,https://www.amazon.com/hz/gamification/api/contributor/dashboard/amzn1.account.AHCQYDKBQ57VQJELABXHW5USHTAA,23
59,https://www.amazon.com/hz/gamification/api/contributor/dashboard/amzn1.account.AGZ2LCOHNFTXBNNXEIBIFFY2Q53Q,56
12,https://www.amazon.com/hz/gamification/api/contributor/dashboard/amzn1.account.AFPQGEMVNQYDSIOVEVBY4ZWLA5FA,15
5,https://www.amazon.com/hz/gamification/api/contributor/dashboard/amzn1.account.AHLQJHCUOW3KIC5RJ5JJBBUECQWA,7
4,https://www.amazon.com/hz/gamification/api/contributor/dashboard/amzn1.account.AGBZI4YSKQUOOXH7VY7JYFPAV7LA,8
30,https://www.amazon.com/hz/gamification/api/contributor/dashboard/amzn1.account.AEWDNEKPB2HK6CVII6GYFERTHXRA,46
1,https://www.amazon.com/hz/gamification/api/contributor/dashboard/amzn1.account.AF5ZMPFCOVXZEUNKAF3DOYI5NP6Q,5
8,https://www.amazon.com/hz/gamification/api/contributor/dashboard/amzn1.account.AE47BLNM3L42H4IUPJOETXD2P6BA,26
3,https://www.amazon.com/hz/gamification/api/contributor/dashboard/amzn1.account.AGZ7TM3VERZZUREWVE4EXCJF6I3A,23
52,https://www.amazon.com/hz/gamification/api/contributor/dashboard/amzn1.account.AH56YCGK2K7KKKKIRTT2AD6XJLTA,27
56,https://www.amazon.com/hz/gamification/api/contributor/dashboard/amzn1.account.AHDHTXHF2ZAYYZ5FA6USTJAS5ELA,150
53,https://www.amazon.com/hz/gamification/api/contributor/dashboard/amzn1.account.AFHDFY2B57C5AHOCNWPQB55BU3IQ,142
86,https://www.amazon.com/hz/gamification/api/contributor/dashboard/amzn1.account.AHMFF22GKEABKSR5SQBE22HGSD4Q,14
94,https://www.amazon.com/hz/gamification/api/contributor/dashboard/amzn1.account.AGAXKMY7YRJVFFNL2JTCQXCQAJ6Q,127
4,https://www.amazon.com/hz/gamification/api/contributor/dashboard/amzn1.account.AHEEB4ZDGVYF245VRNUWT3XQ2A7Q,4
10,https://www.amazon.com/hz/gamification/api/contributor/dashboard/amzn1.account.AFO2N5T7PWU5SAYQFQG4KAMGHZJA,60
20,https://www.amazon.com/hz/gamification/api/contributor/dashboard/amzn1.account.AGRB4HDI4G4ETYWJ4BA6FFE2MX6A,31
0,https://www.amazon.com/hz/gamification/api/contributor/dashboard/amzn1.account.AFF46FULRVBNOMLIKJKKMV6FVQKA,16
84,https://www.amazon.com/hz/gamification/api/contributor/dashboard/amzn1.account.AE353XZ6BGXQQYSA4VIV5RQMDDXQ,64
49,https://www.amazon.com/hz/gamification/api/contributor/dashboard/amzn1.account.AHXGTSABZGZMMDNVAIXRL2OYAAGA,18
1,https://www.amazon.com/hz/gamification/api/contributor/dashboard/amzn1.account.AEXYP4ZQXXWPSNQSHZX54JADARUA,12
9,https://www.amazon.com/hz/gamification/api/contributor/dashboard/amzn1.account.AFSOY66CM2IWLV7RY7S2QFMAC5NQ,74
60,https://www.amazon.com/hz/gamification/api/contributor/dashboard/amzn1.account.AHQTQPPCVL76THFUIAIHCDU3PGHQ,107
42,https://www.amazon.com/hz/gamification/api/contributor/dashboard/amzn1.account.AFF6PQ6LPW5HH4JCGDI2BI7O35CQ,126
226,https://www.amazon.com/hz/gamification/api/contributor/dashboard/amzn1.account.AENIUTTF3R52UR7RZR3SNMM3G37Q,276
33,https://www.amazon.com/hz/gamification/api/contributor/dashboard/amzn1.account.AG7BXZV7LNICOIC3J7U4COEQ5WCQ,92
569,https://www.amazon.com/hz/gamification/api/contributor/dashboard/amzn1.account.AGNJ45WTNDTQUYA23PUK34AGEB4Q,229
28,https://www.amazon.com/hz/gamification/api/contributor/dashboard/amzn1.account.AGWJKOOCODNKUYJK2BMSWETP4AAA,78
21,https://www.amazon.com/hz/gamification/api/contributor/dashboard/amzn1.account.AEQGFN4MWHAMHDCT5ROPQGFX7XSA,73
337,https://www.amazon.com/hz/gamification/api/contributor/dashboard/amzn1.account.AGYSRAKNSOWCGZIWH2WHMYL6LV4Q,221
6,https://www.amazon.com/hz/gamification/api/contributor/dashboard/amzn1.account.AEQEHRVU7QKOHYVQ5HPANQBZ6S3A,13
31,https://www.amazon.com/hz/gamification/api/contributor/dashboard/amzn1.account.AHBFAQ5TSSNSVYISHUMBYDGKNEXQ,82
1,https://www.amazon.com/hz/gamification/api/contributor/dashboard/amzn1.account.AFQUVPQO527PJFXLBLGZFQ77LUUQ,6
21,https://www.amazon.com/hz/gamification/api/contributor/dashboard/amzn1.account.AHT4JMPY56BINPTUCAOPOXEFKQ4A,33
440,https://www.amazon.com/hz/gamification/api/contributor/dashboard/amzn1.account.AFXYZUL4ERAQ34OKJAK5SBVBNSTA,241
179,https://www.amazon.com/hz/gamification/api/contributor/dashboard/amzn1.account.AEMA4XBC4MLWR346VFB7VDOVJLHQ,66
163,https://www.amazon.com/hz/gamification/api/contributor/dashboard/amzn1.account.AG2ARQJHTPMLN4IF5624J5QEBOZA,194
7,https://www.amazon.com/hz/gamification/api/contributor/dashboard/amzn1.account.AHZBWLW7I2K4PSJUUGNGEDLAHA6A,16
14,https://www.amazon.com/hz/gamification/api/contributor/dashboard/amzn1.account.AFQDHFASZ7HWDMN5WEROG7O6VINQ,51
"1,273",https://www.amazon.com/hz/gamification/api/contributor/dashboard/amzn1.account.AHERWWXD7F4FEVNFB5IGBO6RJMLQ,237
5,https://www.amazon.com/hz/gamification/api/contributor/dashboard/amzn1.account.AENBUHLWORDRCADZ6FEWKXQGW7IQ,25
13,https://www.amazon.com/hz/gamification/api/contributor/dashboard/amzn1.account.AFV5WF5ILD3XPFTL6IJRKY32NK2A,6
83,https://www.amazon.com/hz/gamification/api/contributor/dashboard/amzn1.account.AHJVWH3JDQB6QT3CTYFT5LT7ZMGQ,26
56,https://www.amazon.com/hz/gamification/api/contributor/dashboard/amzn1.account.AFSDHCVH267L7EYSTELRQM6737RA,94
60,https://www.amazon.com/hz/gamification/api/contributor/dashboard/amzn1.account.AGHZOM3XIELHEOITAOMWSZUS4PZQ,74
10,https://www.amazon.com/hz/gamification/api/contributor/dashboard/amzn1.account.AFSV5G7RNRCFJHYXQEFTW4QAMQEA,48
140,https://www.amazon.com/hz/gamification/api/contributor/dashboard/amzn1.account.AHSSEZMHIWSHDZN6WTHA4NOQKQIQ,109
1,https://www.amazon.com/hz/gamification/api/contributor/dashboard/amzn1.account.AF7YM7QYEYABZ3H434SUF55IRVDQ,16
7,https://www.amazon.com/hz/gamification/api/contributor/dashboard/amzn1.account.AH5TYL6B2IB2WX6KQX75C6OBUL4A,29
234,https://www.amazon.com/hz/gamification/api/contributor/dashboard/amzn1.account.AFRSPAINNX5PJM5YAE4VVSNYEC3Q,93
2,https://www.amazon.com/hz/gamification/api/contributor/dashboard/amzn1.account.AGNYR4GVJH6W5TQHW2N7EHA6DGSA,11
165,https://www.amazon.com/hz/gamification/api/contributor/dashboard/amzn1.account.AFKSNCSCINVARPPYNPCTIITF26HA,57
11,https://www.amazon.com/hz/gamification/api/contributor/dashboard/amzn1.account.AEDILUX3IMWOYKIEQGC2VDYNCGRA,40
107,https://www.amazon.com/hz/gamification/api/contributor/dashboard/amzn1.account.AGSWO76USLYYUN3EZIXDC3BPWFDQ,83
14,https://www.amazon.com/hz/gamification/api/contributor/dashboard/amzn1.account.AGEPWKXH7EO2TGELUJHQE2VOAPHA,27
16,https://www.amazon.com/hz/gamification/api/contributor/dashboard/amzn1.account.AGFNKUPLGHJ7X5IRLMJBDIMCLMKA,21
5,https://www.amazon.com/hz/gamification/api/contributor/dashboard/amzn1.account.AHGOAAUFYF352ZYWI4TGJLJJ6MEQ,39
115,https://www.amazon.com/hz/gamification/api/contributor/dashboard/amzn1.account.AHTXTJ3TVBH3HGLTA2YYO7SED6DA,189
98,https://www.amazon.com/hz/gamification/api/contributor/dashboard/amzn1.account.AFSTWC37NSPVSS7DN7HOIQ53CWNA,30
8,https://www.amazon.com/hz/gamification/api/contributor/dashboard/amzn1.account.AGZSPXLJPXTOZ4W5EELKCTA5QAJQ,20
41,https://www.amazon.com/hz/gamification/api/contributor/dashboard/amzn1.account.AFXVTYREE7Y2OGYW5EAQ4OCEXCVQ,71
8,https://www.amazon.com/hz/gamification/api/contributor/dashboard/amzn1.account.AEFADW4SCIRFYB3B6U47LGK6MJAA,35
142,https://www.amazon.com/hz/gamification/api/contributor/dashboard/amzn1.account.AGPMZJYF6QAIKLBFKXWICBA3NGOQ,128
707,https://www.amazon.com/hz/gamification/api/contributor/dashboard/amzn1.account.AGNYFMS6OLLMFUWWSSR5AHC5WBUQ,390
173,https://www.amazon.com/hz/gamification/api/contributor/dashboard/amzn1.account.AHMWLINQP2PJ7PHLY3LXS3GFFRLQ,108
211,https://www.amazon.com/hz/gamification/api/contributor/dashboard/amzn1.account.AEC2ZTLYCFUHDEDVSCHIW2B76JJA,256
16,https://www.amazon.com/hz/gamification/api/contributor/dashboard/amzn1.account.AHZ3CV4WHS7T722VIOBYS37MX3DQ,33
277,https://www.amazon.com/hz/gamification/api/contributor/dashboard/amzn1.account.AHA4LEVZ7IP2EBCZMBVHRP3U5TUA,150
1,https://www.amazon.com/hz/gamification/api/contributor/dashboard/amzn1.account.AGKD2DUX733JR2JTG7HZBY44FSXA,8
140,https://www.amazon.com/hz/gamification/api/contributor/dashboard/amzn1.account.AHODTYFN72GV5MXJ2DIAH7TID7OQ,111
4,https://www.amazon.com/hz/gamification/api/contributor/dashboard/amzn1.account.AEUJYFI5HQRO2PJBVS2FITNO7G6A,12
2,https://www.amazon.com/hz/gamification/api/contributor/dashboard/amzn1.account.AHM6XIGSPMU74MT24QD5A3HEGKMQ,24
48,https://www.amazon.com/hz/gamification/api/contributor/dashboard/amzn1.account.AF42GFLQ74E7TNUGMHLPGUHI4ZTA,191
31,https://www.amazon.com/hz/gamification/api/contributor/dashboard/amzn1.account.AFPIYBJDZ3T6QMDH5U4SKP4IXTYA,35
69,https://www.amazon.com/hz/gamification/api/contributor/dashboard/amzn1.account.AG3E4VCUF2L5J2UHCGCPQMZZQLEA,59
163,https://www.amazon.com/hz/gamification/api/contributor/dashboard/amzn1.account.AF7UO4N5UYGREFMGFL7NUUXLUC2Q,196
2,https://www.amazon.com/hz/gamification/api/contributor/dashboard/amzn1.account.AERHMI7ZRGAF56KXIGDQH5IHZUUQ,47
52,https://www.amazon.com/hz/gamification/api/contributor/dashboard/amzn1.account.AFXOH7VREBYG2URB42QAIEMKTRAA,313
40,https://www.amazon.com/hz/gamification/api/contributor/dashboard/amzn1.account.AESK44DBURN6Q6VQ3OMQ7CLBR26Q,59
71,https://www.amazon.com/hz/gamification/api/contributor/dashboard/amzn1.account.AFFWDWHL4V34N77EOZ2BBRSYUFLQ,179
0,https://www.amazon.com/hz/gamification/api/contributor/dashboard/amzn1.account.AFXHTKBSFEQQPYNO2G7IQT2O2VGQ,1
38,https://www.amazon.com/hz/gamification/api/contributor/dashboard/amzn1.account.AHTHIUIEI4QCQJXNUD3AVIEMNI3Q,45
35,https://www.amazon.com/hz/gamification/api/contributor/dashboard/amzn1.account.AGCCBXUPSG47A6RQSBYYJ3ANCJ6Q,61
6,https://www.amazon.com/hz/gamification/api/contributor/dashboard/amzn1.account.AHBOXCF4UBCTUKDMEBNJF5LQIJFQ,54
21,https://www.amazon.com/hz/gamification/api/contributor/dashboard/amzn1.account.AFUA442DDN5IEEHFEYVFCX2LMKVA,41
23,https://www.amazon.com/hz/gamification/api/contributor/dashboard/amzn1.account.AFOR4LIF2HMO4TETJILIK4VV3MDQ,60
0,https://www.amazon.com/hz/gamification/api/contributor/dashboard/amzn1.account.AEACWPQ5VR72FRMTOCCC5ZQMZVAA,6
29,https://www.amazon.com/hz/gamification/api/contributor/dashboard/amzn1.account.AHWPMWZ5NRSYQEBGUR4BI762JLSA,46
8,https://www.amazon.com/hz/gamification/api/contributor/dashboard/amzn1.account.AEWORFC627GXQ2JEQM4YYQOZ6SXA,15
9,https://www.amazon.com/hz/gamification/api/contributor/dashboard/amzn1.account.AGWRCY56CBSWGHKZ4CNCIRXKJVYA,63
53,https://www.amazon.com/hz/gamification/api/contributor/dashboard/amzn1.account.AFV44RSEWO6VILZAK2I5TQXH6P2A,31
3,https://www.amazon.com/hz/gamification/api/contributor/dashboard/amzn1.account.AH47YG4QQNNGWA4WFBT44USSNS5Q,23
13,https://www.amazon.com/hz/gamification/api/contributor/dashboard/amzn1.account.AEI5K7VPGSZERGNCP66NH6N7S42A,30
67,https://www.amazon.com/hz/gamification/api/contributor/dashboard/amzn1.account.AEWE3PVRTDXSTVYGTO4FXSZGUT2A,42
92,https://www.amazon.com/hz/gamification/api/contributor/dashboard/amzn1.account.AFBRMN2PSOAAX527N3UYBNRQJY5Q,116
1,https://www.amazon.com/hz/gamification/api/contributor/dashboard/amzn1.account.AEC5F36F7GYVWVLBVQ77RICIUANQ,8
97,https://www.amazon.com/hz/gamification/api/contributor/dashboard/amzn1.account.AHCRSWIGJH4KKK3FE24NFRB3YCFA,31
56,https://www.amazon.com/hz/gamification/api/contributor/dashboard/amzn1.account.AHTU25WFVQKBM4GLJBMPPUQSGGUQ,143
28,https://www.amazon.com/hz/gamification/api/contributor/dashboard/amzn1.account.AFE6KROLWE5BQO7P64IMGBKS5STQ,101
415,https://www.amazon.com/hz/gamification/api/contributor/dashboard/amzn1.account.AEVGHHRG36Q4KGRCFHPSTL2A42IQ,123
1,https://www.amazon.com/hz/gamification/api/contributor/dashboard/amzn1.account.AGXTCSJD43EQ4ATFCC5YBUOW6JNA,37
59,https://www.amazon.com/hz/gamification/api/contributor/dashboard/amzn1.account.AEMWPSU3CA37YFWJ5LJW3CCH2AGQ,56
3,https://www.amazon.com/hz/gamification/api/contributor/dashboard/amzn1.account.AE3IBSZPTGS2YR3EM2KHKEA4S4BQ,20
69,https://www.amazon.com/hz/gamification/api/contributor/dashboard/amzn1.account.AHLB32OUSZVROTXV6OK25DMQDEKQ,142
995,https://www.amazon.com/hz/gamification/api/contributor/dashboard/amzn1.account.AGTM6TECFNENFVXRGNVCFUYVL22A,713
85,https://www.amazon.com/hz/gamification/api/contributor/dashboard/amzn1.account.AEF3BV4AJGLE7RE343YUAT76PMIA,43
4,https://www.amazon.com/hz/gamification/api/contributor/dashboard/amzn1.account.AEBQIAJGOJQ55ZF32KEJSRWLSWNA,12
0,https://www.amazon.com/hz/gamification/api/contributor/dashboard/amzn1.account.AHDLCRAARED72BLFZX3WQJCGJEWQ,13
42,https://www.amazon.com/hz/gamification/api/contributor/dashboard/amzn1.account.AFJCJTJTT6UNRGNEOICQDROHNS2Q,146
11,https://www.amazon.com/hz/gamification/api/contributor/dashboard/amzn1.account.AFX6QLFWPCJXFWJU5S5FFGEI236A,45
113,https://www.amazon.com/hz/gamification/api/contributor/dashboard/amzn1.account.AF5XJJRWI5QDYUL5PISEXIUFUDEQ,23
2,https://www.amazon.com/hz/gamification/api/contributor/dashboard/amzn1.account.AFCRX6DFBTZS5ZAEDUJNRIAAC77A,44
13,https://www.amazon.com/hz/gamification/api/contributor/dashboard/amzn1.account.AFZBY7LPGHBAILFOVRUIO45WMLLQ,64
83,https://www.amazon.com/hz/gamification/api/contributor/dashboard/amzn1.account.AFFBHNBARAUEKXVITAQRGX5K3PZA,30
76,https://www.amazon.com/hz/gamification/api/contributor/dashboard/amzn1.account.AGLVKALNAP7R6VEDKT654L2CJZFQ,74
171,https://www.amazon.com/hz/gamification/api/contributor/dashboard/amzn1.account.AFYLPX5XIRQCY5N3IDGSPEWOK6FQ,196
19,https://www.amazon.com/hz/gamification/api/contributor/dashboard/amzn1.account.AHIJJNW5UPNCTAQDCQGRQPW2DIGA,13
30,https://www.amazon.com/hz/gamification/api/contributor/dashboard/amzn1.account.AF3G54KI52EHHBLRWY4ROPHMDEJQ,145
53,https://www.amazon.com/hz/gamification/api/contributor/dashboard/amzn1.account.AGB35QRW5M27MC6FG6F76N4JK23A,38
389,https://www.amazon.com/hz/gamification/api/contributor/dashboard/amzn1.account.AEREWT42HQN764FIJJ5IAEGH5D5Q,76
2,https://www.amazon.com/hz/gamification/api/contributor/dashboard/amzn1.account.AF5G7GKQFJFD6OZYPHF4IH3OIIAA,28
53,https://www.amazon.com/hz/gamification/api/contributor/dashboard/amzn1.account.AGCZBVCREAB6ZHZIVBCLS6JK32DA,52
1,https://www.amazon.com/hz/gamification/api/contributor/dashboard/amzn1.account.AFTGZAUEELIQXLMAWLFMBAHRW3FA,40
13,https://www.amazon.com/hz/gamification/api/contributor/dashboard/amzn1.account.AEODFPZ2CXLE2ZGFSXUBBTTI2TWA,44
101,https://www.amazon.com/hz/gamification/api/contributor/dashboard/amzn1.account.AGNP7YRZRINOWSS4YGDDMNI2BBEQ,15
36,https://www.amazon.com/hz/gamification/api/contributor/dashboard/amzn1.account.AHMXURZEN6LOT5EXXVMHNSYUB5FQ,45
5,https://www.amazon.com/hz/gamification/api/contributor/dashboard/amzn1.account.AF72WR2ZQH7TTNHKP3CERBEZAL5Q,23
227,https://www.amazon.com/hz/gamification/api/contributor/dashboard/amzn1.account.AFBZRANHJM7YNO6U52EEWZOAHQ5Q,111
8,https://www.amazon.com/hz/gamification/api/contributor/dashboard/amzn1.account.AEX33JWPU6SOHVUPUPB2FA5QTNRQ,20
412,https://www.amazon.com/hz/gamification/api/contributor/dashboard/amzn1.account.AGWQFL4TM5CNVROF74BEMBWLL2HA,91
88,https://www.amazon.com/hz/gamification/api/contributor/dashboard/amzn1.account.AHU652BJRXADKLRB3M34F7BIYXHA,207
26,https://www.amazon.com/hz/gamification/api/contributor/dashboard/amzn1.account.AHHTHPF3BIHRRHEOLEOH2QZ6ZEUQ,57
18,https://www.amazon.com/hz/gamification/api/contributor/dashboard/amzn1.account.AEANS73TW47VX4OJNVSPZ7YDRM5Q,12
14,https://www.amazon.com/hz/gamification/api/contributor/dashboard/amzn1.account.AE7D3CU2EPS4LS4JL5E4DCWEDOQA,27
29,https://www.amazon.com/hz/gamification/api/contributor/dashboard/amzn1.account.AE6FHCXFMUVIZ35NYHLRUQMFQNSQ,48
19,https://www.amazon.com/hz/gamification/api/contributor/dashboard/amzn1.account.AHZMOK2SXBDRUVCILVN7RZAP4EEA,38
13,https://www.amazon.com/hz/gamification/api/contributor/dashboard/amzn1.account.AEX2PY2SJL2SIBSOTZ45NBSAMH3Q,45
81,https://www.amazon.com/hz/gamification/api/contributor/dashboard/amzn1.account.AE2FA4QNUS77CCROQGK43LWIFY7Q,76
33,https://www.amazon.com/hz/gamification/api/contributor/dashboard/amzn1.account.AFZVBOGAPUC4Z7BWGIIBLM5FMXXQ,23
15,https://www.amazon.com/hz/gamification/api/contributor/dashboard/amzn1.account.AF424LAQRYCYUBECAFGGTDCFWRWA,93
12,https://www.amazon.com/hz/gamification/api/contributor/dashboard/amzn1.account.AFHQHK3BOHEWMI7CZ7J3YVW24KUQ,47
40,https://www.amazon.com/hz/gamification/api/contributor/dashboard/amzn1.account.AHYBWVSYPGKLE5CORDKLNCVVV4XQ,30
1,https://www.amazon.com/hz/gamification/api/contributor/dashboard/amzn1.account.AH4COONVWZGBK6TYURLDXMSACGHA,15
63,https://www.amazon.com/hz/gamification/api/contributor/dashboard/amzn1.account.AE3ZCHCR7IEOXVZSB2VDKYHULHTQ,80
14,https://www.amazon.com/hz/gamification/api/contributor/dashboard/amzn1.account.AHHKIXB46YJ2GWD2W33C6IVHJKRQ,63
1,https://www.amazon.com/hz/gamification/api/contributor/dashboard/amzn1.account.AGTHDR32VXXMDYVID6EOORXRDN4Q,4
6,https://www.amazon.com/hz/gamification/api/contributor/dashboard/amzn1.account.AF2IZHCCLCADHPU2LUUJ4QSWBAQQ,12
7,https://www.amazon.com/hz/gamification/api/contributor/dashboard/amzn1.account.AEKVII4DVJJ3X2Q7BM3VD24AOHYA,14
3,https://www.amazon.com/hz/gamification/api/contributor/dashboard/amzn1.account.AGMKZTP7ZRMEOABMGZ2SBT3DQCOQ,22
22,https://www.amazon.com/hz/gamification/api/contributor/dashboard/amzn1.account.AGCUOURXXURJ5766PDCJNIN2P5YA,54
1,https://www.amazon.com/hz/gamification/api/contributor/dashboard/amzn1.account.AG5IDAVHVP7UJMDSVR6GK2W6BKEA,14
8,https://www.amazon.com/hz/gamification/api/contributor/dashboard/amzn1.account.AHQRAKMRMD33RBOF5BGIEAH4U2AA,19
32,https://www.amazon.com/hz/gamification/api/contributor/dashboard/amzn1.account.AENXSZ7HHPVKIH4HAEM55DGHKMZA,297
125,https://www.amazon.com/hz/gamification/api/contributor/dashboard/amzn1.account.AFPBQMS2GJQPQTO3UV3T52ZBYJAA,70
8,https://www.amazon.com/hz/gamification/api/contributor/dashboard/amzn1.account.AF4XMELLJ2COFLLQ2UCSD76AACZA,30
0,https://www.amazon.com/hz/gamification/api/contributor/dashboard/amzn1.account.AHSYXHBJBL3CTEQMYJSTHWRUQG2Q,11
22,https://www.amazon.com/hz/gamification/api/contributor/dashboard/amzn1.account.AHHBGF2HMSJGTERSKMYJH65TZPEQ,49
129,https://www.amazon.com/hz/gamification/api/contributor/dashboard/amzn1.account.AGSBDXPGQHVSO5LXNUBZTGRRJ6LQ,24
114,https://www.amazon.com/hz/gamification/api/contributor/dashboard/amzn1.account.AEQKDTIC3BHJJCQ4GFCMDETIRPIQ,73
1,https://www.amazon.com/hz/gamification/api/contributor/dashboard/amzn1.account.AHVTXUA3DJYZLPE6IAGGTTDJBHLQ,16
995,https://www.amazon.com/hz/gamification/api/contributor/dashboard/amzn1.account.AGTM6TECFNENFVXRGNVCFUYVL22A,713
1,https://www.amazon.com/hz/gamification/api/contributor/dashboard/amzn1.account.AGXGZ6EIGOUMHAVDVOECTOSCM7MQ,16
49,https://www.amazon.com/hz/gamification/api/contributor/dashboard/amzn1.account.AGAR4VF5RQSEAYWNM7YZKALZSPKQ,44
23,https://www.amazon.com/hz/gamification/api/contributor/dashboard/amzn1.account.AFPWL2H4A7OXEBR7KMK6T6RSNMYA,57
114,https://www.amazon.com/hz/gamification/api/contributor/dashboard/amzn1.account.AG3E6QBHFBH5Z3LYRV3PCKIIK2FQ,25
26,https://www.amazon.com/hz/gamification/api/contributor/dashboard/amzn1.account.AE4QFFBEYVKBNXU3W3VJTNNNF2SQ,80
131,https://www.amazon.com/hz/gamification/api/contributor/dashboard/amzn1.account.AGCEACPHS3TQMXBVDF675CWJF43A,380
28,https://www.amazon.com/hz/gamification/api/contributor/dashboard/amzn1.account.AE4WMMWFRZ2E3CLCAM4DBYVS25OA,32
2,https://www.amazon.com/hz/gamification/api/contributor/dashboard/amzn1.account.AFANPVNZSN3FZH3NIHQM736DYF6Q,16
18,https://www.amazon.com/hz/gamification/api/contributor/dashboard/amzn1.account.AEYDTAO3RMYZJ5KJUMJ3T4SS7BAQ,36
17,https://www.amazon.com/hz/gamification/api/contributor/dashboard/amzn1.account.AHUHR4V5RI4FZSDJHIW5SVB37RYQ,85
2,https://www.amazon.com/hz/gamification/api/contributor/dashboard/amzn1.account.AEURFZLKCTBAMFCZAFJJ3VD35ZBQ,24
1,https://www.amazon.com/hz/gamification/api/contributor/dashboard/amzn1.account.AHXGVLNAX5GKDBSIWZH6WE23AKDA,9
9,https://www.amazon.com/hz/gamification/api/contributor/dashboard/amzn1.account.AFFHP4JP65M7SCGDI2LGYJEMRVHQ,46
23,https://www.amazon.com/hz/gamification/api/contributor/dashboard/amzn1.account.AEXMNKG7SQXUCKNNMZNCDXU5JQFQ,270
27,https://www.amazon.com/hz/gamification/api/contributor/dashboard/amzn1.account.AHUXH5GNCQI2SUDPNADD45MH5GNA,145
1,https://www.amazon.com/hz/gamification/api/contributor/dashboard/amzn1.account.AGOSR47OYYPKT6KJ65LC24P62W2A,19
80,https://www.amazon.com/hz/gamification/api/contributor/dashboard/amzn1.account.AFCFFLNZYN6URCIUW2G2WNIJWERQ,154
22,https://www.amazon.com/hz/gamification/api/contributor/dashboard/amzn1.account.AH7ZHNY6GXVBHJM2O4FZDWCJRXXA,67
1,https://www.amazon.com/hz/gamification/api/contributor/dashboard/amzn1.account.AEFMBP2JMCAL7MLNIX7H4ZQS2ESA,8
2,https://www.amazon.com/hz/gamification/api/contributor/dashboard/amzn1.account.AEJC3H3TO7P3LQIBCY7BELFX7WVQ,15
6,https://www.amazon.com/hz/gamification/api/contributor/dashboard/amzn1.account.AGLXATNWIF3OPQAWGDL3LC7QPQ3A,22
218,https://www.amazon.com/hz/gamification/api/contributor/dashboard/amzn1.account.AE23UTAH7NQUVDHGSWIGZF2K7PTA,150
6,https://www.amazon.com/hz/gamification/api/contributor/dashboard/amzn1.account.AHLF6UPFJ5VKGYDJU7D37QKA7OKQ,31
1,https://www.amazon.com/hz/gamification/api/contributor/dashboard/amzn1.account.AGMB3THUG2PNQSJEA5HRGH2H4SEA,17
1,https://www.amazon.com/hz/gamification/api/contributor/dashboard/amzn1.account.AHGYR53GZRN2RNKEYFEE362RP3VQ,24
22,https://www.amazon.com/hz/gamification/api/contributor/dashboard/amzn1.account.AEBZKQRIUCZH6WIDTICV6674AUEQ,30
28,https://www.amazon.com/hz/gamification/api/contributor/dashboard/amzn1.account.AFAYVCDNVW2VBIOQSDDTY7TCIF4A,40
14,https://www.amazon.com/hz/gamification/api/contributor/dashboard/amzn1.account.AFITDJGXLJRZRQB7OL2EKMFJBJEQ,61
6,https://www.amazon.com/hz/gamification/api/contributor/dashboard/amzn1.account.AFUZRMJBO3X4KSYKBWS2UWIWPW4A,7
20,https://www.amazon.com/hz/gamification/api/contributor/dashboard/amzn1.account.AGDMGQEX24IDH6DVAHNHNTZ6VZCQ,72
0,https://www.amazon.com/hz/gamification/api/contributor/dashboard/amzn1.account.AES2ITNRHAVYUMLIRTRNBQ4RRZDQ,4
4,https://www.amazon.com/hz/gamification/api/contributor/dashboard/amzn1.account.AGUGFWZO3J5JP6AYUXYOTGPASNOQ,18
4,https://www.amazon.com/hz/gamification/api/contributor/dashboard/amzn1.account.AGR52M7RWMVGG4UD35O4BFSSB32Q,36
3,https://www.amazon.com/hz/gamification/api/contributor/dashboard/amzn1.account.AHR3QHK4HVTTKSWERA5JR5UYGTXQ,27
1,https://www.amazon.com/hz/gamification/api/contributor/dashboard/amzn1.account.AEEFR4XQJLS5EADXRRIBRGIZ3XQA,7
3,https://www.amazon.com/hz/gamification/api/contributor/dashboard/amzn1.account.AH5Z2GNPQ5PLVUWD3XZD3RIOMJCA,8
6,https://www.amazon.com/hz/gamification/api/contributor/dashboard/amzn1.account.AGRC452HBRURUWVXIEYZNJQWUDTQ,18
73,https://www.amazon.com/hz/gamification/api/contributor/dashboard/amzn1.account.AHO7URCB5RRYBW3SS3HGSZFXWL7A,86
2,https://www.amazon.com/hz/gamification/api/contributor/dashboard/amzn1.account.AEKW37K4UUIDNSNTWTTA4ED4FQ3Q,7
7,https://www.amazon.com/hz/gamification/api/contributor/dashboard/amzn1.account.AF7Y7VU32NPP4H24SDNGYUHAJDJQ,24
10,https://www.amazon.com/hz/gamification/api/contributor/dashboard/amzn1.account.AHFHXURM6S42QCRGGSEONY2LCUPA,30
19,https://www.amazon.com/hz/gamification/api/contributor/dashboard/amzn1.account.AHOPAEZACITE23URWWCQT6TPXKZQ,26
3,https://www.amazon.com/hz/gamification/api/contributor/dashboard/amzn1.account.AEOJJFPDSZ65MB5LQOPWCVNRJNOQ,22
7,https://www.amazon.com/hz/gamification/api/contributor/dashboard/amzn1.account.AETIS2GHOPWAFCFW3TE7FPHIPC3Q,50
27,https://www.amazon.com/hz/gamification/api/contributor/dashboard/amzn1.account.AGLSYCU37IR4MZS37OGXWPVURMRQ,23
4,https://www.amazon.com/hz/gamification/api/contributor/dashboard/amzn1.account.AGNRRGVJB3VD2W6TAZA2PQEJCY5Q,19
21,https://www.amazon.com/hz/gamification/api/contributor/dashboard/amzn1.account.AEF3N2QHP23A4OZ2JTW64RZL2GXQ,129
2,https://www.amazon.com/hz/gamification/api/contributor/dashboard/amzn1.account.AHUU3YRRAJ464XTREXB4BVNQTCBQ,16
7,https://www.amazon.com/hz/gamification/api/contributor/dashboard/amzn1.account.AFTVH2SM6GYL5V652YNZUPMCLUYA,13
0,https://www.amazon.com/hz/gamification/api/contributor/dashboard/amzn1.account.AFVCCDXTFM2DNJ2KCVKCXTH53QEQ,4
2,https://www.amazon.com/hz/gamification/api/contributor/dashboard/amzn1.account.AFE7LOHV7LV2MXHE6WN2CQICTZYQ,38
0,https://www.amazon.com/hz/gamification/api/contributor/dashboard/amzn1.account.AHWSGAJHC4UWVCLXUOMEDV5PPMWQ,9
17,https://www.amazon.com/hz/gamification/api/contributor/dashboard/amzn1.account.AFQFO2C5VWF6AQE4ZHSPMQC7DWWQ,19
40,https://www.amazon.com/hz/gamification/api/contributor/dashboard/amzn1.account.AHNRN6ZQMHG3W3X4VVQOR3BIEITQ,120
142,https://www.amazon.com/hz/gamification/api/contributor/dashboard/amzn1.account.AHBML6ZC377F2ZDOBLVO6H47OYZQ,301
296,https://www.amazon.com/hz/gamification/api/contributor/dashboard/amzn1.account.AHNC4NAUHRR4YSBV5JEAG5J3TTZQ,429
0,https://www.amazon.com/hz/gamification/api/contributor/dashboard/amzn1.account.AEOM4K57GXC7M7DVELNQVTPVW3RA,3
10,https://www.amazon.com/hz/gamification/api/contributor/dashboard/amzn1.account.AHXKJCI5PKSHTZWIRRF44NYNUPHA,53
2,https://www.amazon.com/hz/gamification/api/contributor/dashboard/amzn1.account.AHHCR4AEXJ5ZHLMDV6422NLB3LDA,15
1,https://www.amazon.com/hz/gamification/api/contributor/dashboard/amzn1.account.AG7DSXPXO4L3L5Y2MCENWRISCUWA,8
7,https://www.amazon.com/hz/gamification/api/contributor/dashboard/amzn1.account.AGACSEJNVZZ37S4DOMFXLZCTYLRQ,63
7,https://www.amazon.com/hz/gamification/api/contributor/dashboard/amzn1.account.AFH5H5RYFXHYMOIQVWYGKNEQZ75A,27
1,https://www.amazon.com/hz/gamification/api/contributor/dashboard/amzn1.account.AE33VPTZJV5ODMOPM4ZGVS6EFJ5A,13
282,https://www.amazon.com/hz/gamification/api/contributor/dashboard/amzn1.account.AGRQ25IBE4EENZHR37MRV72YPOIQ,125
0,https://www.amazon.com/hz/gamification/api/contributor/dashboard/amzn1.account.AFMECMFID5EHILG65NV72RJVQF5A,20
6,https://www.amazon.com/hz/gamification/api/contributor/dashboard/amzn1.account.AFXN5ANDVDJQXTMWN4OONA6G6HKQ,37
41,https://www.amazon.com/hz/gamification/api/contributor/dashboard/amzn1.account.AEKYWSO4CVLBOK6GRJU3JNRJW33Q,87
3,https://www.amazon.com/hz/gamification/api/contributor/dashboard/amzn1.account.AGQ7K3BUSPFRLVGNR2LB5DF4QKPA,54
71,https://www.amazon.com/hz/gamification/api/contributor/dashboard/amzn1.account.AHA65BCVR2SOLZDUODK2ZPBPTWMA,31
995,https://www.amazon.com/hz/gamification/api/contributor/dashboard/amzn1.account.AGTM6TECFNENFVXRGNVCFUYVL22A,713
43,https://www.amazon.com/hz/gamification/api/contributor/dashboard/amzn1.account.AERCZFZ35RXRALCW2NYUSABXQWBQ,22
40,https://www.amazon.com/hz/gamification/api/contributor/dashboard/amzn1.account.AHYBWVSYPGKLE5CORDKLNCVVV4XQ,30
"1,728",https://www.amazon.com/hz/gamification/api/contributor/dashboard/amzn1.account.AGMDZD5WP2A4R7K3QWIFZQJ6HASA,"1,095"
10,https://www.amazon.com/hz/gamification/api/contributor/dashboard/amzn1.account.AEY2JEQJ5NGFBMYNOH6QPV52BD5A,6
5,https://www.amazon.com/hz/gamification/api/contributor/dashboard/amzn1.account.AHZLBXPEMVGLNEEXYCZ4FHXAIWEA,7
15,https://www.amazon.com/hz/gamification/api/contributor/dashboard/amzn1.account.AGEGIJT6EDKYPC6GAKGY2VC5IB5Q,8
3,https://www.amazon.com/hz/gamification/api/contributor/dashboard/amzn1.account.AFDH7OMZUDW24BFHF3KVGHRZCCEA,6
3,https://www.amazon.com/hz/gamification/api/contributor/dashboard/amzn1.account.AEHCOQKRMUBO2URQMZPIEPIFTCLA,5
9,https://www.amazon.com/hz/gamification/api/contributor/dashboard/amzn1.account.AETEXHHWIVVCP767O7JJ2TFBKORQ,2
7,https://www.amazon.com/hz/gamification/api/contributor/dashboard/amzn1.account.AGOVTDAKEKAZGSX6QC6NVW6ZQOKA,5
11,https://www.amazon.com/hz/gamification/api/contributor/dashboard/amzn1.account.AHS44G7CIYR4IJLHQNMH5P3B5YEA,20
0,https://www.amazon.com/hz/gamification/api/contributor/dashboard/amzn1.account.AH7ZZIKCJX6FNLJMGAOYNQRISTKA,3
0,https://www.amazon.com/hz/gamification/api/contributor/dashboard/amzn1.account.AFUMTBJM64OQCB4ENJG6GOE43VTQ,1
18,https://www.amazon.com/hz/gamification/api/contributor/dashboard/amzn1.account.AH5X6LVY7M2QVBGX5BNQ7EBRYX2Q,3
71,https://www.amazon.com/hz/gamification/api/contributor/dashboard/amzn1.account.AF43QACLEPIORHPK6ZG3W5QK37OA,79
50,https://www.amazon.com/hz/gamification/api/contributor/dashboard/amzn1.account.AFJBHXOAVVALRXYSFVBUDNOMCJQQ,176
40,https://www.amazon.com/hz/gamification/api/contributor/dashboard/amzn1.account.AEGYAEGWG3HQVG6EK5UTE5TUCNFQ,55
55,https://www.amazon.com/hz/gamification/api/contributor/dashboard/amzn1.account.AERFRAESVBAS3SG2L6VYDGSIN5XA,130
587,https://www.amazon.com/hz/gamification/api/contributor/dashboard/amzn1.account.AFM75JYJASJKQNZTEM76BGBV3SMQ,426
50,https://www.amazon.com/hz/gamification/api/contributor/dashboard/amzn1.account.AH2YE5HBNFYMYEFN345XRDP4GDBA,266
16,https://www.amazon.com/hz/gamification/api/contributor/dashboard/amzn1.account.AFA34N24XXHEFOCBWHW5VOSUY4NA,96
141,https://www.amazon.com/hz/gamification/api/contributor/dashboard/amzn1.account.AHI7HXZWLV5UEQIPZOZUPKABGZ5A,195
0,https://www.amazon.com/hz/gamification/api/contributor/dashboard/amzn1.account.AG3QZXRGT2SHPHCMR3BDNPAZQ5TQ,0
10,https://www.amazon.com/hz/gamification/api/contributor/dashboard/amzn1.account.AE4XV2UCKKYW5E636R752WB3NI7Q,27
24,https://www.amazon.com/hz/gamification/api/contributor/dashboard/amzn1.account.AELDDLNUNGQFIHIF2NP55P5OYKVQ,71
