badges,ids,ranking
True,amzn1.account.AFAVZ4AZR4JNADEHFZGLLLM67R4A/,2319233
True,amzn1.account.AF7FPPLQOJ5ITF22AEOFKKJTWYSA/,222934
True,amzn1.account.AEANWX5QEZPZKAADCTRBCEUCSZWA/,5914279
True,amzn1.account.AEK32C5KMGXS6FM4TAWN6RUY3B7Q/,93661
True,amzn1.account.AFGBGCR7EGTVJOMKK4CTWK7USKFA/,276609
True,amzn1.account.AHWJK2MIJCNJIRL2LPATMKAU4IRQ/,2665
True,amzn1.account.AEFDSG52Y7GNG27IHKVYP3L475SQ/,11975741
True,amzn1.account.AEPINBCEDU5QLU6BGEUYZPUXW6ZA/,212070
True,amzn1.account.AGYXVBQAXFAUUOXZ5S36RPXGSD6Q/,8250275
True,amzn1.account.AFSH6XBQGPUAQO4IF5D2A52BN4OQ/,5672061
True,amzn1.account.AHCSIIZPVNIWBDGV5M5LQ5SAJNVA/,85621
True,amzn1.account.AHW7XYJIW5AXQG5T23B5SWBN4P2A/,673413
True,amzn1.account.AEP34ACXUJVXTVY32GEJ3QQQ3QPQ/,36986
True,amzn1.account.AGANKYJ6D2VIOOGVEFFWZRBSHLLA/,12426
True,amzn1.account.AEYIH2MWU2SBIOW73RWULYOJG3CA/,126736
True,amzn1.account.AH3UKVG6BNV3IALS6KTFYJEYFSMA/,1030259
True,amzn1.account.AFA7W2CAKXLZCD57CTM3HOLMQKRQ/,22356250
True,amzn1.account.AHGEXNXDAWZ2WKP7FVE77XWDHSZA/,84099098
True,amzn1.account.AFJAO5H2YLA3NWOR6CLVDW5IR7AQ/,17556537
True,amzn1.account.AFY4DNPJDCCBAP4QW5MKNSAQO64A/,3316880
True,amzn1.account.AFKSBJ2TFOVLUSYSJCV7ETNEWAXA/,456948
True,amzn1.account.AGXOTCPH35SQCRKCGF4JYOFXG4JA/,17572
True,amzn1.account.AF3NKBASOAHQQQ4XTWEVHKVNCNMA/,84499187
True,amzn1.account.AG6FHUOJJM3NAU5QK2OXXLDCK27Q/,1144960
True,amzn1.account.AE5HIL3BKDOSJ4BIQJNPVUG3VBZQ/,558050
True,amzn1.account.AGMEG22KDHW4DUA2KN3JX2FY7BJQ/,5475
True,amzn1.account.AFVVKDM2EB7LPO4VPNH6NHS3YXMQ/,3837294
True,amzn1.account.AEOMBTFZ2L4UDHI3HR66HJ3OZTFQ/,12783
True,amzn1.account.AHP4Z65EX6SBW2HG4Y4COI5GPLDQ/,1721323
True,amzn1.account.AGQ5YPFJQWACE3JHYESJMCTEGQSQ/,570557
True,amzn1.account.AFS43PH6M5DUPLY5MLH7XK3M2BZA/,4597461
True,amzn1.account.AF6IYF3WR2FDQTSYMYBJW54QQPRA/,89068
True,amzn1.account.AGS6HKYNXMJR7UT6XFJGZJUGSGTQ/,764
True,amzn1.account.AGNYQVJU7JZZHJRFAHLL2IYHNQ5Q/,5034855
True,amzn1.account.AGT37KSDWR4TQWQSDIANHQRLSLRA/,1988449
True,amzn1.account.AGAUMXUTX35XUYU7LBCXPXSWF5ZQ/,48980
True,amzn1.account.AGSLWVV24UMOFH2RL4LCGN6SM2QQ/,2309714
True,amzn1.account.AFIFDFXAATV7PV3JU7Q6SQYLRHWQ/,5499286
True,amzn1.account.AH7CRJ66THYCFP2VBKR7PTNATORQ/,464188
True,amzn1.account.AH5WRQ377SZEH4BFL376ITSBJBHA/,240045
True,amzn1.account.AEC5JXUQYUMQ2XDBWDI7ZRVDVW3A/,84264333
True,amzn1.account.AHTDH6O4B5TKVJOMGTHEQVOXMREQ/,90523
True,amzn1.account.AEAV3XFW3MDE2WQAOSV3JJW3MWGA/,588871
True,amzn1.account.AEZFFRIEY3GQQAWBWCVPWJQPEF4Q/,9444581
True,amzn1.account.AE7JOUAFZ2OSNS6DCF63VCVU55OA/,487872
True,amzn1.account.AG2VFPL3YOQ3K2FWXQYYBRFTVS6Q/,84499099
True,amzn1.account.AHCWAYCMJ4UVEG3C62SD2EJEH7WA/,1966332
True,amzn1.account.AGZ7O4PJ5UV4NPAV33QJCGQKQZHQ/,12133987
True,amzn1.account.AHDMWCFVXV4GRV7XDMN265JN7OLQ/,2988753
True,amzn1.account.AHPHKTUZO4K4ECMLU6M7EKUL5Q4Q/,444145
True,amzn1.account.AHLJKRQQ4M3IB2AN7SWZHJLAKOWQ/,558
True,amzn1.account.AE2F6QTIRCDXKVTA2KN6LNOF7P6Q/,17715127
True,amzn1.account.AGKUX2KBTJY5ZYKJGGKH4BKPJMFA/,9658152
True,amzn1.account.AGX3DRSO5ZU2KDLB2WCVPUTPOJJA/,84486142
True,amzn1.account.AHYVFITJB5MOPUWYY6FQH57DO72Q/,456225
True,amzn1.account.AFOYNUIQ33O2SAR2LMQS3EQJCZJQ/,349172
True,amzn1.account.AF6DDKZVZK3FGI6P5IIJOGADX3WA/,58332
True,amzn1.account.AGZAGYDOZLEMLPJWX5VCTZAF4K3A/,7800885
True,amzn1.account.AG6D2PLYI2O5PEG5AKMC3WUUTNLA/,647375
True,amzn1.account.AGNWSNFSLQL2GJR3JI5QTU6PY5HQ/,873673
True,amzn1.account.AFJMVA5TJQABU4VAM4OHC663PANA/,4065
True,amzn1.account.AG2GNGK26DJF2RJHKXJV5E73UNQA/,28687389
True,amzn1.account.AG2BTADSTMRYFV5RGLTGHMWWMO7A/,2227658
True,amzn1.account.AHPSTQHSZWF6NC25WMA3NC6OOZZQ/,1542686
True,amzn1.account.AH52QVDWITA6ZFLWQ7KAMNYXM76A/,2029675
True,amzn1.account.AF2EZQKJQAGVXZZXVXBJH6CDKOZQ/,1635019
True,amzn1.account.AHX57GBEBMF5A7KKCZH7YO7ZHYWQ/,35322891
True,amzn1.account.AH65LRPDRQ2OZJN5NUPZ3QQK2NTA/,214734
True,amzn1.account.AFZE6W47GFBJJBXFSBKNMNRHAUPQ/,11182
True,amzn1.account.AFD7A5NY6R6L2KFFLP76ZZEM2LNA/,2714308
True,amzn1.account.AHTSA73QD3UI7KSGKUYGG6IHZQAA/,1779271
True,amzn1.account.AGB3YOW3ZHR55M4H2EYHHVTG6PUA/,35503747
True,amzn1.account.AEZSLWGAOHMKKZICNN555XZ65LZA/,1944834
True,amzn1.account.AHUBW26NMS6IEB55ZABIX7LNQXCA/,8669747
True,amzn1.account.AEHNSMZHK4W66AGGXDDKGAV6XMGA/,227684
True,amzn1.account.AFRR4AK6D26VXYV6SDBBHDVZZHNQ/,2654432
True,amzn1.account.AHPHBJTEB3EANCBBSNITUITV55IQ/,46624
True,amzn1.account.AGN7IFF4VGTSQR2SLIFTF7XLWFVQ/,195100
True,amzn1.account.AH5I7D4J5JZVV45YH5WGRBFPSPKQ/,2160775
True,amzn1.account.AEOI6IZWZLQGAQCA5III76XB5GEQ/,136524
True,amzn1.account.AERRNFCHX2ZX42HXH3M2CZNSZRPA/,16030378
True,amzn1.account.AEHOQ775HDCVCWIWNT3PCPRUXSGA/,3014751
True,amzn1.account.AGQA6JR62GTICYKC7S75BLHK3G5A/,399629
True,amzn1.account.AEGVPC3EZYPMDN4TT5IFQSYH6A7A/,2943836
True,amzn1.account.AE2I4XKPCPTM6XQL5DCVN57YHTPQ/,646283
True,amzn1.account.AEGAMGWOMGCWN3UZ3UEPXAHDLT7Q/,415449
True,amzn1.account.AGCCZESTFIL3VO6US2AH2IYZZSMQ/,2535182
True,amzn1.account.AHQHBVBRIK3UECMNNA7X7Y7MBIIA/,701463
True,amzn1.account.AHFRE3QDZVAPL7IB73X4AFAGM4SQ/,71777
True,amzn1.account.AHYGX5R6HWA7DSF2KRJJ65CADL5A/,8286820
True,amzn1.account.AHAXFBJKPZN4IXNUSRCGJC7GTUKA/,1785219
True,amzn1.account.AFWSYNK4GPHUN5U7OSVN6C4ME45Q/,4374765
True,amzn1.account.AHX26463UAYB6HGIQRLUXUE7VXAA/,11866755
True,amzn1.account.AGYC4ZOFAKDDHEZKIXAJJMCHNXVA/,23263734
True,amzn1.account.AH6254TYJ3FKABYHVPVE5EDGEDJA/,42477
True,amzn1.account.AF4JSGUITCREI4TDS4YXAIRCJTFQ/,1955145
True,amzn1.account.AEGGKKJ33RMHJ2TS4Z2LOH4QGE7Q/,5923670
True,amzn1.account.AETPK4DFZYBODDXG4ALOAUU66F7A/,84293125
True,amzn1.account.AFGD2Q2PDJ5HH5FSFIPY4PHG5MCQ/,70977
True,amzn1.account.AG4QQ3CXLV427CW7XM3X3MILYI3Q/,5215
True,amzn1.account.AEGSOHEMQNQVUJF2YKRNDW5IRY5A/,754964
True,amzn1.account.AELTPAMEYXFOPSD3PX2KLKKYONGQ/,1837678
True,amzn1.account.AG4RJEBKM6LS7N76QFSNLW2AMWIQ/,5773989
True,amzn1.account.AGBCUIZXCOHGHVIA5GW5FTVXDHRQ/,2326035
True,amzn1.account.AGVNV77UBHSGXJEQDXYILOO2GL2A/,37550
True,amzn1.account.AHJAELH3E5EER4DQ3LIKTW3WCTPA/,7830279
True,amzn1.account.AH7ZKUWXNJ53XD7TGUKGJPDUGWPQ/,337633
True,amzn1.account.AHTSFKJHIUATWGZ4XMVD6UCYAEEA/,168290
True,amzn1.account.AER5J3HNTPXLOXJXKTN7WUEWVM5A/,28641
True,amzn1.account.AH4LYEQ757VU4LS5BF4B6FKJ6JOQ/,4722127
True,amzn1.account.AGF3UVDRFQ22OU2Z5IZPJOUJ4Q6A/,894136
True,amzn1.account.AHE5RBN66GTNIPEZFGRSDLOKNUSA/,1887146
True,amzn1.account.AE26RAZCQJRT4XABBCV7UY5GH3FA/,9563974
True,amzn1.account.AGCB45SJ3NAWLTL2OF3PYA6EMVUA/,1067104
True,amzn1.account.AF4GX56NMMLQHXGOGCKC4QNQQ2RQ/,13438
True,amzn1.account.AFJDF2AI4FISQMNCYGISC4WWU23Q/,32743
True,amzn1.account.AHYVWJIT6KHIN4UII272ZUHAKHXA/,10940448
True,amzn1.account.AG73BVBKUOH22USSFJA5ZWL7AKXA/,418
True,amzn1.account.AFV3Z5MFYD3TP4EOO3SGVPK7IJWQ/,2765876
True,amzn1.account.AGDBWXY2IH62NBNFPIH42NYDXSCQ/,95527
True,amzn1.account.AHFIDCYGR5XB3UFLQQ2SUFGLKAMQ/,15259201
True,amzn1.account.AFPP3NIHG7M2VRD7KKEE775YR2VA/,553703
True,amzn1.account.AEOWNCALNUFVZMNY3IQB2N6QJQXA/,369146
True,amzn1.account.AEM5ORPFEIOK52AUSO5KXQ7D4SPQ/,3636368
True,amzn1.account.AGNG5US2GDMDROF75N4YAIRYF26A/,305100
True,amzn1.account.AEUNEMPIEEUKC6VA46SLEBZLKWDQ/,12875770
True,amzn1.account.AEYSRMNHEFRH2T7CMBGZCAWQWALA/,56009
True,amzn1.account.AHXXECT6VDFNAX45YTSFAXECQRDQ/,57714
True,amzn1.account.AG3BVNY7CUU4ISXQQY44YUI4BEYA/,68743
True,amzn1.account.AFOOTNH3ZIGMAUIYVKYDVI6SEUGQ/,6488871
True,amzn1.account.AFLT3XKUIZ4JE27OH5ZTT4WD6AJA/,2186295
True,amzn1.account.AE7R3ALUU3AUWRIKOIO4PUG5CWVQ/,5881773
True,amzn1.account.AGDZAL75JMZZOJ6KK4G4XXYI4IPA/,1482443
True,amzn1.account.AG6VCRJCPT7KRL7FYZNMZDPVVRWQ/,1739757
True,amzn1.account.AEAWPLGLW4LJ3VGWFVSZ3NQ4LTXQ/,441051
True,amzn1.account.AH6JUMSNZKEHWW3KAYTPVET3G3JQ/,379226
True,amzn1.account.AH2QPGSQAPUE5ZZCL3H7PNVPOH7A/,4357377
True,amzn1.account.AEOX3YEJ4FWGP3ADPP5ZTBHQW7FA/,16080
True,amzn1.account.AGHUYYIJJKF57SYFEXQZSLVT5KZQ/,1094297
True,amzn1.account.AEGLNZ6HAZAJLWJ6Y57WZUFVE6NA/,1486476
True,amzn1.account.AGP6L2XMWLF53AHABKWKGHMH7J7A/,227059
True,amzn1.account.AEI4PVSXJOSDDCQYIRJEPEC7DM2Q/,983106
True,amzn1.account.AE4BDFR7URXAFGLUBMHICBK2XGVA/,4989410
True,amzn1.account.AF34JYI4LSUNQDWCTVJ77CWSDXFA/,4543651
True,amzn1.account.AHNRMIEWLOQMWNVPEDMSTXBRAUCA/,4245554
True,amzn1.account.AF37CCPQFLDA7PIQFIW4NNFJY2WA/,1190268
True,amzn1.account.AEZVHCN62WTT6NL4ODJNUWF4V3VQ/,4128
True,amzn1.account.AHXXSZXG7CSXDZ3ABKHPD74VLJHA/,4732618
True,amzn1.account.AGTRADF2WCGZEGNTZT6AWFENISQA/,3803494
True,amzn1.account.AFOI2I6BB6YHKO55BBQF4LRQQXGA/,3819500
True,amzn1.account.AF7XGJNWZUBOBNSJNRSUC63B2YXA/,2174051
True,amzn1.account.AHCSCPD73XWGBLGP22TYXPNDMNPA/,343862
True,amzn1.account.AFTF5Z4H3CXBKB2HET3J72K6MTUQ/,227133
True,amzn1.account.AGIWPCBLUCSMSNEWQES4FP2TD5TQ/,20309191
True,amzn1.account.AEPNTQWGDWSYTJBSSLROIC6RQR2A/,922256
True,amzn1.account.AHCXSCWFNZCVSXZ3MHUKZ3E3E2HQ/,2011905
True,amzn1.account.AESHC2B5QPA2RX3ESRCDRNTE6OHQ/,1941007
True,amzn1.account.AGXLTNDZ4OPKWPFPPOJAS7HAONCQ/,14132155
True,amzn1.account.AGEXAMFOKANI65R5MI67N5TTYX3Q/,181152
True,amzn1.account.AEGUHDRTFVGJ2OWQ2EKZI7HPQNYQ/,17105523
True,amzn1.account.AEPS7EQGD7CCG7JJHB25ASCLTUZA/,105295
True,amzn1.account.AGUIL4BKLNWECGMRJJQDD2I7S3YA/,887479
True,amzn1.account.AH5IOHRLNNVBKPC3HTTDQXIMNZZA/,39974955
True,amzn1.account.AGU2UM7UG27NCA4CLIF2EAVYUGYQ/,408621
True,amzn1.account.AHKLN7QZ5GM3VMK2B5BQ6WVGCEGQ/,7801220
True,amzn1.account.AEW45JWM4HJWUVTPYZNFW66Y6MEA/,2455062
True,amzn1.account.AFLPJVW3HGMYYT3ZVG5NPZIVYRXA/,220515
True,amzn1.account.AEZ6V4BORO2BJSM3DAUBH3ZFOYYA/,83866491
True,amzn1.account.AEPUPZPHMO5XGOOHTRM3RQJNE34A/,4729421
True,amzn1.account.AE7WRRBSROYGMVFP7RSVHY2XFMTQ/,294548
True,amzn1.account.AFLYKVZH3DMCC6P6UCRC3ZUBJ6MQ/,5249244
True,amzn1.account.AGSVK6ACU36QP5DPFTCN6HW26R2A/,3910990
True,amzn1.account.AFGTFVT5HIBX34P3AQTCHKOW5M7A/,66456
True,amzn1.account.AEZVBXVQXADMPP4SKKMN62QM7M7A/,1566259
True,amzn1.account.AFM4EJJXNMH2ILA6RDGEJJCLL75A/,2786386
True,amzn1.account.AF5UGX2NY74WFRZGU25CVO3FH4YQ/,608133
True,amzn1.account.AHK4EZVQMQWNJOSAQZHLYFT2GD2A/,281977
True,amzn1.account.AHTCLGWJX75KFKBNAULTD32IQAFA/,675951
True,amzn1.account.AFTMW6ETBEEPLIO7VO3SLU6FOJPQ/,2109747
True,amzn1.account.AGXIC57C5QCAZU3URMSH5CS2LH7Q/,1155669
True,amzn1.account.AFHT52RPIUZ3ZWWJLFTPNOTJTKZA/,4563561
True,amzn1.account.AGKVQOIBYNSMNFCQKUNMDF5G7ENQ/,5052729
True,amzn1.account.AFZU5B66EBD2T267ZPWBHETXRK5A/,1074908
True,amzn1.account.AG7J7YGPBS7LB37BYDQYO6PFVDLA/,1201616
True,amzn1.account.AF3FVU7GFOE6F76V45FRVQZZO2UA/,8089457
True,amzn1.account.AEKK6RFWJKBPKZYP6Y7FI2NNDH7Q/,37243847
True,amzn1.account.AFGUPGKEKORSHIVFLW6HSLYX24LA/,13217594
True,amzn1.account.AFCCSI5QNFHGTOX4ONNFO2NKXCQQ/,3591574
True,amzn1.account.AGTJLA2EP4FOYPB3LDTEIOVTZ3TQ/,1048684
True,amzn1.account.AF2ZV43UMNNMMKLMUC4PBBIHLRQA/,33202
True,amzn1.account.AHL6VKN4UUXWNAXLGDJQDY5QZN7Q/,358705
True,amzn1.account.AEB7CYKLQROVS2TL2XJZHQEUEA3A/,893744
True,amzn1.account.AHSGTHCACK7BSD4SWQNIKECVEI2Q/,72795
True,amzn1.account.AHMBF7UCS46MJXLWIY676WTVZWUA/,83663394
True,amzn1.account.AG5AX4L4N3OGRUGNBAE5HUPLKIZQ/,83782505
True,amzn1.account.AGTH2ETOQNUCINJPMIU3JQFXFWPA/,324715
True,amzn1.account.AG6DT5JLRDX6YECKBV3NDDXRC65Q/,4316790
True,amzn1.account.AGOEG554IDFBSHV4IRDVVH7ONFGQ/,2028004
True,amzn1.account.AFX7VKYE4FNL5YPTTAMCXD7Y5LAA/,24834130
True,amzn1.account.AFQLOZJS7HS4DW7QE7ARPLXAO4KQ/,84493716
True,amzn1.account.AHFBZDLMU6SKY3NWBAJUCPZC4P5Q/,6895979
True,amzn1.account.AH7MPRZVQ6UQGOCGWRAH6U45IBQA/,2724801
True,amzn1.account.AGR3PUMQQWPSTD62WOFFP2CUDSIA/,181554
True,amzn1.account.AF7XSQGXSLSKBWT47PVZ7ILFNMLA/,10701018
True,amzn1.account.AE7S33RFGNADCRJMS2NZP6F2Z4YQ/,4970882
True,amzn1.account.AGGZ63ELRLG2HV7UVUJPHTX5BDJQ/,2030197
True,amzn1.account.AFPPMVWE6PDXCE3RND7IJ7JUXQ4A/,996653
True,amzn1.account.AGD4YNIIUBBSWACXC3DWRUVIUTKA/,10221056
True,amzn1.account.AGIHRTTITYNIIPHZO3IJAH56BEYA/,567616
True,amzn1.account.AEGE2JEXORZCBD24UI3QUOSRQJXQ/,5627097
True,amzn1.account.AHA2UOYIUOVYY5MVZIWSDLKQRUZQ/,69368
True,amzn1.account.AGYGBROZODOMOQLV5XDLIZIIE7DQ/,83594572
True,amzn1.account.AF57HLHCW3IV2AATAJVWSA7ZULWQ/,17169140
True,amzn1.account.AEUQIN7EQLQRXLBKW6SPNE4IW7BQ/,1240169
True,amzn1.account.AG7AWCMQNK6FYJPNMQBKWY3QIL4A/,576268
True,amzn1.account.AGIL2DCLZJ6L4B52DBOVDYK4P6AQ/,21142922
True,amzn1.account.AFNOML3PMRWRYQTRJRIY5ALVNETQ/,3070178
True,amzn1.account.AHKPABP7BA5QWDRNNAKNDCMCJGAA/,1961108
True,amzn1.account.AEQKTRTUUGYPG64P7FUXFE2QSHIQ/,5295864
True,amzn1.account.AHJBTPFBFU6EAPQSFNLAFE6LOHJQ/,1744954
True,amzn1.account.AEPINBCEDU5QLU6BGEUYZPUXW6ZA/,212070
True,amzn1.account.AH3CYH353L5X25HDCLPPN72DMIXA/,960937
True,amzn1.account.AF5CTNAOWAQB56CZ7YLMXC3Q4IZQ/,406064
True,amzn1.account.AFKGOO3HWNWMXQWVAGT25KIWMWLA/,3011964
True,amzn1.account.AGZATJEVYKFJYKAZYGFFJMC3XY4A/,1847377
True,amzn1.account.AEYYKQB4EYHUK2IF6VWOPAJPJSIQ/,7998734
True,amzn1.account.AEXCBPLKR6E6NEKGUINGZAJAX3RQ/,2178592
True,amzn1.account.AGJLIQUAZX5A3I54RSVOEO3TVR3Q/,84314941
True,amzn1.account.AEAYH3N2GQWGM57M4OC343PIN4IQ/,5020560
True,amzn1.account.AGFK6EZ27QRTTSBABFCLR5SSICAQ/,1144450
True,amzn1.account.AEG6JSCCSPLNC3WDSNULLRNVWOXQ/,4476762
True,amzn1.account.AE6HQFS2UYWIXCEG4NFJST774NDA/,7390568
True,amzn1.account.AGFU2TGLL2XCGYSPUXJTB6URMZ2A/,19484
True,amzn1.account.AHN2LWT3LLQGEZZ7CICPQ4T4X6RQ/,2608159
True,amzn1.account.AH6GCGEAOISWGFBOZHM2E52BMOJA/,425502
True,amzn1.account.AHLMGECSKDU4RMFX5E2UW5YNBLBQ/,1648531
True,amzn1.account.AFIA6IICK5RUU66WF5ERQCA6SUKQ/,1375942
True,amzn1.account.AEQFGINVY6K3Y3V32PH2JYOXM2OA/,2816723
True,amzn1.account.AEPTM76A74LGF4MDSBRYQKRHP6TA/,740555
True,amzn1.account.AGS7SPMT37NKY2VJOYMEEVL3AKKQ/,5934559
True,amzn1.account.AFPNQFRWJCLKGVYHCHEJNCTYMGDQ/,722246
True,amzn1.account.AG4UJPL6T2ILVDXJWVX2OFUSAYWA/,4686471
True,amzn1.account.AGFLRRHT3WQ6R3IASN5L74R2SQYA/,166883
True,amzn1.account.AF5TITY5AADAA2AZME6LB2UTCCAA/,30285375
True,amzn1.account.AE365TSAPCKWHV47GV5AVW53TVNA/,1679230
True,amzn1.account.AFVGTTPMGDPRCY22PSL73KIE4XFQ/,2247663
True,amzn1.account.AFMWYROFRT6CZEO3BIQ7EIQC5H2A/,2985339
True,amzn1.account.AHQ57E57RD4OQMI2MM3DVOS7JBCA/,482827
True,amzn1.account.AE53OPKG6RZU5DOSNABZ7Z3IDEBQ/,1225463
True,amzn1.account.AESSZKUDQQPLSAJUZCXKSSRBUALQ/,591891
True,amzn1.account.AF2GQOP4OJFRXJNYQW3QGEINXNMQ/,104633
True,amzn1.account.AFTROGSET3PYF5MFX2FBJY7SQ53A/,23411048
True,amzn1.account.AENKHBVK4QN7JHO3BLMNYOUUKBXA/,3712203
True,amzn1.account.AHITD5YVOAX2NM4G2ZO6AULXCNTA/,8561462
True,amzn1.account.AFCEJIS74T37BTVNXSPZNBKLU44A/,1131059
True,amzn1.account.AFTI55EGGMWEDCZGGKUGYY6YBI6Q/,961015
True,amzn1.account.AFCP2JCX2CFJC7L3RMYLDSWMOLHA/,1294505
True,amzn1.account.AFX45V5M3KKOXBAX3T64RPAI5DUQ/,20809968
True,amzn1.account.AF5GBUKP6PVPF6ZETPLE6UBWEEMQ/,10242525
True,amzn1.account.AHBGZO7LX3X45YAQQUQKZZ6C3HHA/,2679539
True,amzn1.account.AEUBCFQIL5WXO33WN3SRGNH4FCDQ/,84406654
True,amzn1.account.AE7MPKK5RIMRGRGDDQBC2EGXJJXA/,22489005
True,amzn1.account.AG45U742RIYISJ5KNALUJDE4AF2A/,180676
True,amzn1.account.AHYTTANX5NF5MOQKXNQVMUALVGPA/,319353
True,amzn1.account.AGK3VIXSIK5G3ANVED2LB3KCDR7A/,904067
True,amzn1.account.AHYPULE3AJEGXLOHPXMF7E3PLR7Q/,3953495
True,amzn1.account.AG5B6OGTHYSG4KYVLF3E6WZDEVUA/,1623991
True,amzn1.account.AGVOHJCLTV66KWZJQG7VDWTSEHJQ/,4354057
True,amzn1.account.AEQGYI2YHNTLR2BWI5KCW2RTJWHA/,13291
True,amzn1.account.AFNQZXYVRNJH2WMWXGP5WJWMJZHA/,3764630
True,amzn1.account.AH3BRLS6KU6HA5BWO3AVPJGS4AGA/,386423
True,amzn1.account.AGOGRUQOTWPW5RBCW6JF2YRF2BWA/,905992
True,amzn1.account.AEDDGBCTX5D3VQR5UEZ7ML4XG3GQ/,897479
True,amzn1.account.AHGDJD6SV7IZ4543T5KPSA5ITFDQ/,7327939
True,amzn1.account.AFM7PGNU3A53HXR64N4Y2OMFUV3Q/,4235399
True,amzn1.account.AHCOADVUP2F2V27G5VWJXF2YFJFQ/,14147546
True,amzn1.account.AEUW35WUT3V7R7AIRTJGOBAWS6HQ/,1351970
True,amzn1.account.AGLCXQIZDUCS4E3ZV3SUAAMWTAQQ/,7431347
True,amzn1.account.AF62YYTCVG23TNENFWLL7UNYEFGQ/,13313662
True,amzn1.account.AHCGH7XLDZCA3NRHTARMXB47GJEQ/,9164869
True,amzn1.account.AEYPR3RMBRB43TWXQV75NC7HP5WA/,84349315
True,amzn1.account.AF5OTZS4X4MB3IWHBGGSZWRG2A5Q/,5047370
True,amzn1.account.AFOTZR5ENHIODPUXHEA7JJBPYNHQ/,1135301
True,amzn1.account.AFDAOTP67DCHLABUJLB5DJ37MERQ/,3894553
True,amzn1.account.AFJBGWP5BA2MVGK5WR6GIXGY5FLA/,1422412
True,amzn1.account.AGXZO6F4VRQSPXBUGGGGFHIRFIOA/,3652853
True,amzn1.account.AH4FL5B7PNBFFZ7HFMQSOC6KAVVQ/,1142747
True,amzn1.account.AGR4BDQYEZ2XPLIKBSOKCLJ7FBZA/,5265762
True,amzn1.account.AG5PTPVLPYW6KPX7AS4UET2KKCSA/,176878
True,amzn1.account.AFUE52HUSJZYTZMMNXNRKUGEJ67Q/,14693
True,amzn1.account.AFBICWKQKT4BTLQA62FXTRJ2GNWQ/,4258728
True,amzn1.account.AE4Q425OD33CVA3KR4WCCR3CMCQQ/,1455486
True,amzn1.account.AG6RV6BIZ27Q35ITHRDHE2TOZELQ/,6056054
True,amzn1.account.AEZIDCCOOIRDNPCPDXQOW4JYMWPQ/,33420
True,amzn1.account.AFS47D5IZF2X2PLINYK2SZBZ74ZQ/,83755789
True,amzn1.account.AHSPCX7463INPIMBSCNKL3UTRNWQ/,423743
True,amzn1.account.AHVETUO2UZC4HHQHB5W7UFOXB36A/,11301847
True,amzn1.account.AE3CBNXTNQLCLPU7CJZA7IWZZWAQ/,2540644
True,amzn1.account.AEGYWL3SN2CA7T2XTKKE7JQACBSQ/,1867632
True,amzn1.account.AFE3KDBBTKOJCTTRJZOA5ZE773AA/,84008237
True,amzn1.account.AG4I6437LL6XTNVVTMFVOJNCQIIQ/,522613
True,amzn1.account.AFYFTDJA6XTVN4CXSXAVGLPGQBIA/,4569244
True,amzn1.account.AHBQBJVAPAYAYR36CUZ7UFCI5TOQ/,2705234
True,amzn1.account.AH5YYW6PR7FDAFLIEOV4WE4RJ5QQ/,12744729
True,amzn1.account.AGY7A7LUWN2S77DG6KQ2NI5SXK2A/,8412185
True,amzn1.account.AH732CFDWJ64KJPQ5JFAVZOMUSIQ/,5836512
True,amzn1.account.AHDUFB42ZDIMNHJ6L3HQVXIZACMQ/,4417410
True,amzn1.account.AFZ2XFPVOFPXTD7BFMQOIBZFYLCQ/,736889
True,amzn1.account.AESEZRV2X6MW5Q4UHPC7YH2JNHGQ/,484217
True,amzn1.account.AH3HPJGUJ2ZX5E7QRT2P5DASXSZQ/,14110863
True,amzn1.account.AEE6DEGT5XVDRL2DNAC7WZHM3EFA/,1211343
True,amzn1.account.AHNDENDMPCJBOE52ST265UN6PK4A/,3363652
True,amzn1.account.AEFIV2CVI27IRZ2H6RDNHVXZELZQ/,3567544
True,amzn1.account.AEZXKF7AJS4OC6HSGCWQ4S4T2HQA/,350137
True,amzn1.account.AFVRDUKOZXAVCQQTEAEPB4CJDCGQ/,1386401
True,amzn1.account.AGDYWE5AIGXIW5A6C3TILGVIGBMA/,1110963
True,amzn1.account.AFHASQ4QEQZE35YNJNTHPOAFPGSA/,12427141
True,amzn1.account.AH4V5ZKMIW5FWEPTXW4FVZNY4BTQ/,2969506
True,amzn1.account.AH374DSBUUN53JYNDJDZUAM2UKKQ/,5190612
True,amzn1.account.AFEQYDNA4WQXJVL5YPUPIU2AZTTA/,2274460
True,amzn1.account.AGX6A6XEZJKAZ6URISDTOQOCSRLA/,6278560
True,amzn1.account.AEODBUKNAQT4TAIIMOSPZDPRUWVA/,84468742
True,amzn1.account.AENSUPOL7M42W7T2XKJH4LUBT2XQ/,5541360
True,amzn1.account.AGIXTH3CPBEMXM7LN44OPBO3TB5A/,964333
True,amzn1.account.AEVKU6MT337Z5OEW22C2PDCOMRSQ/,591034
True,amzn1.account.AF3R2X34Y5UQNSKBAF43IYQIQNOA/,10698186
True,amzn1.account.AHS35R2GH2QF3MDVFGARUPQKV4OA/,469729
True,amzn1.account.AGC4A2RULFQVRTZL3IS3T66YWQTA/,84170755
True,amzn1.account.AGJHVRZ3WOGRSINGMUU7RXBS275Q/,52716
True,amzn1.account.AG4WVR56UL3TI3RUDPJ63V2JI7CQ/,5776782
True,amzn1.account.AGZZ3R4EG3UEDDQY7BJ2DD2NFB7Q/,1260072
True,amzn1.account.AEQ5TMTWUW5KLWSXBKAA6TSVLJSA/,548472
True,amzn1.account.AH4T4PTZQZX5B3YLK2BFTNJSJSMA/,25524601
True,amzn1.account.AE32ZX43VECSEFIDWCBCMQBC64CA/,680781
True,amzn1.account.AGMOOXAFAA4BDBB46ES2V4YALEQQ/,3549142
True,amzn1.account.AGP2L6TFZ5DXHVJ5PSFPJKCHKY3A/,2195746
True,amzn1.account.AGRMEWTJS4ZY4MUN46KZ4MCZ46PQ/,1077566
True,amzn1.account.AFROBU2DDTCBP2EZ24K64OCOMG4A/,2164499
True,amzn1.account.AGOHCUNIWHZLBHIQ727LIEEBCNPQ/,3435604
True,amzn1.account.AGJNQOHER3T7AMTSTFB6UG3R7EQQ/,8635293
True,amzn1.account.AEXANVGMW36EF3VT5VCJCTGMQXTQ/,10591435
True,amzn1.account.AFDW6YTRK45O42J4I43EVRT6DHLQ/,2688923
True,amzn1.account.AF2DNKJW7DCWTAHQWB72RHYTGB6Q/,2896775
True,amzn1.account.AFNJ5MS6FJSJZDNTUQVJ7EAKBMHA/,32188
True,amzn1.account.AFHHMU5IJ64M24HLVF7WR5UEAGCA/,5369686
True,amzn1.account.AFE3H4PTMLIPUSCH4BP6LF5E4UVA/,13573603
True,amzn1.account.AHT5MRFRLIWQGGOGOLPRKQ6H7ZXA/,13267915
True,amzn1.account.AE5D32Q3MGA42WBMFJGLKW3JLE3A/,4490487
True,amzn1.account.AGI2FSKYQAI3OBEKDB4XRPFFIVPQ/,17695848
True,amzn1.account.AEYDCW6K4KGF6J7A6UXJJBWUZOIQ/,8416945
