page_url,ranking
https://www.amazon.com/profilewidget/bio/amzn1.account.AF2D2KSJEE4CRWYBECTUMFLDOLHA?view=visitor,842407
https://www.amazon.com/profilewidget/bio/amzn1.account.AHGGHJBACTWLQ43FCBLLTWAXPHNA?view=visitor,15589
https://www.amazon.com/profilewidget/bio/amzn1.account.AEYK3D3JGCF3I4Y47XB6PDMMHYAA?view=visitor,520363
https://www.amazon.com/profilewidget/bio/amzn1.account.AGFQJATPENZRPAMNDJH7QAH5H5YQ?view=visitor,318331
https://www.amazon.com/profilewidget/bio/amzn1.account.AEUNSL2ZRU3IP7IANKWISA7V4K3A?view=visitor,138483
https://www.amazon.com/profilewidget/bio/amzn1.account.AG6LOU7J23YDAHYPNDKY7UHN4EMQ?view=visitor,1012654
https://www.amazon.com/profilewidget/bio/amzn1.account.AEXDIGXWOWUAC6DINBE7KKHCED4Q?view=visitor,234695
https://www.amazon.com/profilewidget/bio/amzn1.account.AHF2LCFKSLCORRNH6EEWCG4HPJZQ?view=visitor,78452421
https://www.amazon.com/profilewidget/bio/amzn1.account.AGJ7A5QK4LAWSHAIJYQZG3BFZU5A?view=visitor,825401
https://www.amazon.com/profilewidget/bio/amzn1.account.AFI24JROIKXH5GWXQSHXFOZH35BA?view=visitor,1421051
https://www.amazon.com/profilewidget/bio/amzn1.account.AF2D2KSJEE4CRWYBECTUMFLDOLHA?view=visitor,842407
https://www.amazon.com/profilewidget/bio/amzn1.account.AHGGHJBACTWLQ43FCBLLTWAXPHNA?view=visitor,15589
https://www.amazon.com/profilewidget/bio/amzn1.account.AEYK3D3JGCF3I4Y47XB6PDMMHYAA?view=visitor,520363
https://www.amazon.com/profilewidget/bio/amzn1.account.AGFQJATPENZRPAMNDJH7QAH5H5YQ?view=visitor,318331
https://www.amazon.com/profilewidget/bio/amzn1.account.AEUNSL2ZRU3IP7IANKWISA7V4K3A?view=visitor,138483
https://www.amazon.com/profilewidget/bio/amzn1.account.AG6LOU7J23YDAHYPNDKY7UHN4EMQ?view=visitor,1012654
https://www.amazon.com/profilewidget/bio/amzn1.account.AEXDIGXWOWUAC6DINBE7KKHCED4Q?view=visitor,234695
https://www.amazon.com/profilewidget/bio/amzn1.account.AHF2LCFKSLCORRNH6EEWCG4HPJZQ?view=visitor,78452421
https://www.amazon.com/profilewidget/bio/amzn1.account.AGJ7A5QK4LAWSHAIJYQZG3BFZU5A?view=visitor,825401
https://www.amazon.com/profilewidget/bio/amzn1.account.AFI24JROIKXH5GWXQSHXFOZH35BA?view=visitor,1421051
https://www.amazon.com/profilewidget/bio/amzn1.account.AED47BL3CWXREX7XNG6CVGJPSANA?view=visitor,1096456
https://www.amazon.com/profilewidget/bio/amzn1.account.AH2XZT3QW4JYSVRFKZSOLIICJ7KQ?view=visitor,40912
https://www.amazon.com/profilewidget/bio/amzn1.account.AE3MQA3QBBETQLNB5VG7CODFMZRQ?view=visitor,327105
https://www.amazon.com/profilewidget/bio/amzn1.account.AF473OKXHKFJ3XHX47657EN4JXRA?view=visitor,1666
https://www.amazon.com/profilewidget/bio/amzn1.account.AEI4HFMYZYVAHF74LODBO4WZMLKA?view=visitor,1232257
https://www.amazon.com/profilewidget/bio/amzn1.account.AEJRVZONVZA4QFNFBEQMFQFFYFRA?view=visitor,17161933
https://www.amazon.com/profilewidget/bio/amzn1.account.AEUEPRYHVU6YFX4CMAID7SVYVNLQ?view=visitor,66287
https://www.amazon.com/profilewidget/bio/amzn1.account.AEEMLEC4YWAYMSLLRSQS7PEF5IOQ?view=visitor,1279872
https://www.amazon.com/profilewidget/bio/amzn1.account.AGZDD2EWC776AMG7WR5ZLGWSCFXA?view=visitor,289756
https://www.amazon.com/profilewidget/bio/amzn1.account.AF3BUH7R57MWLSPJRQX4QAXPCAMA?view=visitor,1779425
https://www.amazon.com/profilewidget/bio/amzn1.account.AH76ZIHJVJB7DGEKIAGUBAQBNYQA?view=visitor,2605410
https://www.amazon.com/profilewidget/bio/amzn1.account.AHU7NDREHYI2CT5SLCMVDT2KYA2Q?view=visitor,1223849
https://www.amazon.com/profilewidget/bio/amzn1.account.AHK66WU2AB2GWRM3LLPVR6BTNIXA?view=visitor,238189
https://www.amazon.com/profilewidget/bio/amzn1.account.AFU4NLURZFG5YXFFVGGKKGNIZAGQ?view=visitor,1172970
https://www.amazon.com/profilewidget/bio/amzn1.account.AFIMOKRKHFJNUVRI2RGGMSDFTXYQ?view=visitor,4758294
https://www.amazon.com/profilewidget/bio/amzn1.account.AFIZZRIPEMZPOOW4OFHOK77M6EAQ?view=visitor,609070
https://www.amazon.com/profilewidget/bio/amzn1.account.AFSOXKJ7IXI3CL455U354B76GFXQ?view=visitor,2913556
https://www.amazon.com/profilewidget/bio/amzn1.account.AFVDGMUDNJ55O2VTS7PV6WDZ6EJQ?view=visitor,339879
https://www.amazon.com/profilewidget/bio/amzn1.account.AGKRLFJKTINDTBVZYDM3KKIHD57Q?view=visitor,230171
https://www.amazon.com/profilewidget/bio/amzn1.account.AEPGLATGX5HKXLA7ZUKYMW3APH2Q?view=visitor,2356188
https://www.amazon.com/profilewidget/bio/amzn1.account.AGZIJRQUHKCARYJZWYJTNRR35FBA?view=visitor,654
https://www.amazon.com/profilewidget/bio/amzn1.account.AHWK2IO4XMMCPOODMRJCZSYRJKOA?view=visitor,19207
https://www.amazon.com/profilewidget/bio/amzn1.account.AENQ7QNGEKGGLJ3CO4DQW5LCNHTA?view=visitor,7943597
https://www.amazon.com/profilewidget/bio/amzn1.account.AFSHR3XWMSRW4C35U6AAYBJ3MXKA?view=visitor,67052
https://www.amazon.com/profilewidget/bio/amzn1.account.AEWK7TNPIBXZC2WSQKXZOZAWT4CA?view=visitor,579862
https://www.amazon.com/profilewidget/bio/amzn1.account.AGZHY7CDTWE3VHIBNNMNPBETPNOA?view=visitor,79108473
https://www.amazon.com/profilewidget/bio/amzn1.account.AFJPINKB62DKSAOPNADUD6IUE7RQ?view=visitor,11412
https://www.amazon.com/profilewidget/bio/amzn1.account.AE6TJLGHPRMJGRN7MYHVT7PNW7QQ?view=visitor,5814445
https://www.amazon.com/profilewidget/bio/amzn1.account.AENBTMX3SIWPPNC5PGJ2JHKD3S3A?view=visitor,637085
https://www.amazon.com/profilewidget/bio/amzn1.account.AFLYHGO42FZ6DNL2FAKCJHRIWWIQ?view=visitor,1932934
https://www.amazon.com/profilewidget/bio/amzn1.account.AEOWHKU3VVYV7LWDPOJ22EVWW2KA?view=visitor,1451
https://www.amazon.com/profilewidget/bio/amzn1.account.AH3A7LCNDPN6NPS2ANXJ55NHZWGA?view=visitor,3418707
https://www.amazon.com/profilewidget/bio/amzn1.account.AHS7WYV35HOTQCNX33R32TOXAETQ?view=visitor,2465443
https://www.amazon.com/profilewidget/bio/amzn1.account.AHGJ6A5JLFZFFONM73OGQB7KDUXQ?view=visitor,2051
https://www.amazon.com/profilewidget/bio/amzn1.account.AGRTHWMRWV2NZTT6MM727CSKHJJQ?view=visitor,533363
https://www.amazon.com/profilewidget/bio/amzn1.account.AEHG4WTIESHUX23KHBIXOOHK4POQ?view=visitor,79250543
https://www.amazon.com/profilewidget/bio/amzn1.account.AG2VLOCSTS7QV53R2A22GAP7FAWA?view=visitor,106111
https://www.amazon.com/profilewidget/bio/amzn1.account.AFTPY4MRJ5WB3KUVNZGMKBZZQRBA?view=visitor,557960
https://www.amazon.com/profilewidget/bio/amzn1.account.AEYJK4HNZGYNCWWB27OD4BWRPVAA?view=visitor,32629
https://www.amazon.com/profilewidget/bio/amzn1.account.AHX4JULWD2Z6VGSQVV76TI3QRNZA?view=visitor,346159
https://www.amazon.com/profilewidget/bio/amzn1.account.AGQ76I3RJWLMVP5YIL5BPTNAXQCQ?view=visitor,2168086
https://www.amazon.com/profilewidget/bio/amzn1.account.AGF3TK4DDLBFOYMETS2JS33RH7LQ?view=visitor,13072
https://www.amazon.com/profilewidget/bio/amzn1.account.AFWBQPOGSELQNPYBIOQFFJ7OASSQ?view=visitor,295530
https://www.amazon.com/profilewidget/bio/amzn1.account.AHDCUKN727I2RM2PO2WTAPDXVQEQ?view=visitor,2019411
https://www.amazon.com/profilewidget/bio/amzn1.account.AHMYT2S2ENYAQQHUOLRU6CSDF3KA?view=visitor,139254
https://www.amazon.com/profilewidget/bio/amzn1.account.AG7ZTOFORRWGIMD62Y4EYYMDXWEA?view=visitor,116003
https://www.amazon.com/profilewidget/bio/amzn1.account.AEWYGVV6MX2MLHDQMRLQ6VBT275Q?view=visitor,1978388
https://www.amazon.com/profilewidget/bio/amzn1.account.AGW4MVLCVBZRGLZLI2TDIV2HEVTA?view=visitor,316538
https://www.amazon.com/profilewidget/bio/amzn1.account.AFOENS7L4U3VBRQ7MACWGDQ3F6CA?view=visitor,97774
https://www.amazon.com/profilewidget/bio/amzn1.account.AHNE4BFXCGMBKABJ3ROBLMSWASGQ?view=visitor,199642
https://www.amazon.com/profilewidget/bio/amzn1.account.AHYZC76JKBTXR4TBB2C6CZ4INARA?view=visitor,320019
https://www.amazon.com/profilewidget/bio/amzn1.account.AFFSWZ6ATWR3R7WHMWMKYMVWZ7GQ?view=visitor,624724
https://www.amazon.com/profilewidget/bio/amzn1.account.AGUMSNBIC4D3Y2NA4PFXK77AFKIA?view=visitor,4995960
https://www.amazon.com/profilewidget/bio/amzn1.account.AGMRYWUXVMT5TRH76PEQTCLZEQ5Q?view=visitor,79566
https://www.amazon.com/profilewidget/bio/amzn1.account.AEMH3CGRQV66G3K7HQWGUWUU6VAA?view=visitor,79259897
https://www.amazon.com/profilewidget/bio/amzn1.account.AH4FXESTOARQ5JP2RXJNWVZ5BF6A?view=visitor,249843
https://www.amazon.com/profilewidget/bio/amzn1.account.AEW6WX2HOFYDP2KN3X5RG7DJIL6A?view=visitor,845998
https://www.amazon.com/profilewidget/bio/amzn1.account.AFHWLYAVE4GNOBDT4U3XPZ5COSWQ?view=visitor,1847163
https://www.amazon.com/profilewidget/bio/amzn1.account.AH4ZERRP35HWDMDVHUQ3BUVL7ATA?view=visitor,4377980
https://www.amazon.com/profilewidget/bio/amzn1.account.AFWR3HW3NDB4GTITJU66URTTMINA?view=visitor,391661
https://www.amazon.com/profilewidget/bio/amzn1.account.AF4JC6VEYW6KO64AVJMWYVITAVRA?view=visitor,1283684
https://www.amazon.com/profilewidget/bio/amzn1.account.AEYQF7XEPFH2G6TPUAWERKCFVVGQ?view=visitor,883677
https://www.amazon.com/profilewidget/bio/amzn1.account.AFZ2ZWJLQHJBIQJDRLQC4XCNGHHQ?view=visitor,6272368
https://www.amazon.com/profilewidget/bio/amzn1.account.AFP2SG77GQGJNCZM57WHAE355V3A?view=visitor,100617
https://www.amazon.com/profilewidget/bio/amzn1.account.AFFGNO5IAKFWWS4EZRVJHGIVW7UA?view=visitor,1386699
https://www.amazon.com/profilewidget/bio/amzn1.account.AGNYDGVIY6QTEA26INNZD6PQI2IA?view=visitor,1197933
https://www.amazon.com/profilewidget/bio/amzn1.account.AGJF7JFUWGYNTIB7SYE2ER6WZASQ?view=visitor,1089498
https://www.amazon.com/profilewidget/bio/amzn1.account.AGFAMS2OTWGV3GBQFVFPFMPVK3JA?view=visitor,2517404
https://www.amazon.com/profilewidget/bio/amzn1.account.AE2OEP4PWO7EL5GTTBNBCREIGJMA?view=visitor,576143
https://www.amazon.com/profilewidget/bio/amzn1.account.AHTO2IHNBMHTELVBLA6GIV3NHUBA?view=visitor,68774
https://www.amazon.com/profilewidget/bio/amzn1.account.AHSK6FPPTSRDKVIXC2TSDR6STCEA?view=visitor,92192
https://www.amazon.com/profilewidget/bio/amzn1.account.AETMM23YKH2SELMF26YVD2X6K5FA?view=visitor,930746
https://www.amazon.com/profilewidget/bio/amzn1.account.AGI3OPUFBO5PQ4WBUJAATLICCBLA?view=visitor,154576
https://www.amazon.com/profilewidget/bio/amzn1.account.AHUNFQUPR344RDTH25DP52UJIBQA?view=visitor,35772
https://www.amazon.com/profilewidget/bio/amzn1.account.AH4FOBMFHCTMYG76TEJTFOD4ZF7Q?view=visitor,807424
https://www.amazon.com/profilewidget/bio/amzn1.account.AHST3AO4EGIR4ZB3EI7KQ5BELQDA?view=visitor,508860
https://www.amazon.com/profilewidget/bio/amzn1.account.AH4A33ZTEFXLIX62BCQ4HTQ3IXFQ?view=visitor,7829494
https://www.amazon.com/profilewidget/bio/amzn1.account.AEOBFVRPNJGZ2P725DGF64NJS5NA?view=visitor,468306
https://www.amazon.com/profilewidget/bio/amzn1.account.AGVFO7JT4MRWRBDNECHLLPGHKJ2A?view=visitor,8464560
https://www.amazon.com/profilewidget/bio/amzn1.account.AF3BLT7BOXP4JZRXQRRABS5BSENQ?view=visitor,15510
https://www.amazon.com/profilewidget/bio/amzn1.account.AEFFANICJ2WSYXBZG2FY24XQVJTQ?view=visitor,2118788
https://www.amazon.com/profilewidget/bio/amzn1.account.AFTG6SMVPMTNCZMN4Z4YLYFUNW5Q?view=visitor,1250385
https://www.amazon.com/profilewidget/bio/amzn1.account.AEVTMI42VRSKYKT5XPCBGNED4ZUQ?view=visitor,58619
https://www.amazon.com/profilewidget/bio/amzn1.account.AHFLYPLGDK7TSKWMMQX5DOCRYY4Q?view=visitor,28519557
https://www.amazon.com/profilewidget/bio/amzn1.account.AF5GDQYVZYHCUFHBCRE5UTMQ6SCQ?view=visitor,78821188
https://www.amazon.com/profilewidget/bio/amzn1.account.AE4F2NWHLV3LACSZTJRXLKL7NQGQ?view=visitor,186232
https://www.amazon.com/profilewidget/bio/amzn1.account.AF3UH4GXPP6EPQPUPRPCN4GLPEIQ?view=visitor,1814245
https://www.amazon.com/profilewidget/bio/amzn1.account.AEVQC7PCZEFYRPSUJ3VF4SL2FG6A?view=visitor,2686796
https://www.amazon.com/profilewidget/bio/amzn1.account.AFL55WTF37PWQQVJ6BMOQK2TCNYA?view=visitor,4328550
https://www.amazon.com/profilewidget/bio/amzn1.account.AGS5Y26QHVRTNKIA6HBGLJVL6QDQ?view=visitor,3718522
https://www.amazon.com/profilewidget/bio/amzn1.account.AGGLWJRSYXGDVIANVMENESRFGP2Q?view=visitor,1250191
https://www.amazon.com/profilewidget/bio/amzn1.account.AHBFTIIQSIWHINX6OOAKXLSFJTKQ?view=visitor,699318
https://www.amazon.com/profilewidget/bio/amzn1.account.AFY6Q23PEU3KXPRT5A4GN2CY4Y5Q?view=visitor,717610
https://www.amazon.com/profilewidget/bio/amzn1.account.AGGUSNMBWVRASYGG6WI2HBVPTS4A?view=visitor,102145
https://www.amazon.com/profilewidget/bio/amzn1.account.AFO3CNRDU5QOT4Q6IQIM7L7EANRA?view=visitor,25757491
https://www.amazon.com/profilewidget/bio/amzn1.account.AE6SJKEJNUGTTVERTKFN62GWFSLA?view=visitor,928612
https://www.amazon.com/profilewidget/bio/amzn1.account.AHAVOMIQJ65YCJDQ4AMD3H2MWTVA?view=visitor,12947976
https://www.amazon.com/profilewidget/bio/amzn1.account.AFLKYQT66YUYEON3ZGV2GGNMSOKA?view=visitor,39311
https://www.amazon.com/profilewidget/bio/amzn1.account.AHJVL2SC25IWLPDSUF5MXOIZJT6Q?view=visitor,10015
https://www.amazon.com/profilewidget/bio/amzn1.account.AHX6OBMV6A5TR7QG25D62TCYCK2A?view=visitor,79113417
https://www.amazon.com/profilewidget/bio/amzn1.account.AHAUTKC25MWSSDZNIEXIOYKTENAQ?view=visitor,1414796
https://www.amazon.com/profilewidget/bio/amzn1.account.AEGNUOA3BC34RSGYDOOFHSTNYS7Q?view=visitor,1086387
https://www.amazon.com/profilewidget/bio/amzn1.account.AEHNVLZ3OITSS653GOSBGCGSRK7Q?view=visitor,78839255
https://www.amazon.com/profilewidget/bio/amzn1.account.AFUBYLS5H7FLHQBSOBKDZYAEQQJA?view=visitor,9660833
https://www.amazon.com/profilewidget/bio/amzn1.account.AEMDP75H3PXCLJQYVW4ALEFALEJQ?view=visitor,4759988
https://www.amazon.com/profilewidget/bio/amzn1.account.AFLMHPN5KXZ5DBBC3GYLGWXDXNTQ?view=visitor,2338870
https://www.amazon.com/profilewidget/bio/amzn1.account.AG5A45LAAOLFJRFTHBCHHIQQGFTA?view=visitor,437700
https://www.amazon.com/profilewidget/bio/amzn1.account.AE4UQS32HYXPFR45H5CACYKHBJ2A?view=visitor,1084815
https://www.amazon.com/profilewidget/bio/amzn1.account.AFR2UWDGDABD6N425F2W344OW2YQ?view=visitor,8251387
https://www.amazon.com/profilewidget/bio/amzn1.account.AGBK2QZS2TGQ6Y6UPPXKFLV6SLMA?view=visitor,83093
https://www.amazon.com/profilewidget/bio/amzn1.account.AF6Z7IONWV7R6EYJXUVHQ4BSHSUA?view=visitor,1653764
https://www.amazon.com/profilewidget/bio/amzn1.account.AGI4IGPZZAY2I7J2VDAVR2J2B4SQ?view=visitor,1377775
https://www.amazon.com/profilewidget/bio/amzn1.account.AF6P77GZVE5UY47P5ZIHFV54TMMA?view=visitor,79232211
https://www.amazon.com/profilewidget/bio/amzn1.account.AEQH3OHZQKPEWN5BSNO3YVHIGZTA?view=visitor,2316527
https://www.amazon.com/profilewidget/bio/amzn1.account.AGJ44SY3W7ZC7DEDCNW3MAZKBAXA?view=visitor,9192919
https://www.amazon.com/profilewidget/bio/amzn1.account.AHKH3GR4UHYFRYGXOCDBEKF7O4EA?view=visitor,3017011
https://www.amazon.com/profilewidget/bio/amzn1.account.AGTWHRYUXHTAQSMCPIGJDEOWGMIQ?view=visitor,1246613
https://www.amazon.com/profilewidget/bio/amzn1.account.AEVH4ZQNHN64QOKSBGPFZ7NWAXJA?view=visitor,990723
https://www.amazon.com/profilewidget/bio/amzn1.account.AFQKRORKH6KTTTQPIDTDQ2ULRKDA?view=visitor,18445
https://www.amazon.com/profilewidget/bio/amzn1.account.AHI32TCOOSOF74RBM33KY2S3YUQQ?view=visitor,15053634
https://www.amazon.com/profilewidget/bio/amzn1.account.AG23BZN2X665SCQKND6LAGS4ZPIQ?view=visitor,124280
https://www.amazon.com/profilewidget/bio/amzn1.account.AFSMQPGS7M52KMRJFTNUVMWN6ZKA?view=visitor,2772990
https://www.amazon.com/profilewidget/bio/amzn1.account.AGIXGSEE2XAQ2SUKYEIF54CEHQSQ?view=visitor,2777164
https://www.amazon.com/profilewidget/bio/amzn1.account.AF6WVDIPY6LMU2MWBSXQ45X4LG7A?view=visitor,59883
https://www.amazon.com/profilewidget/bio/amzn1.account.AEAXUZYMPAHNE5UAGRANLRU5O67A?view=visitor,57392
https://www.amazon.com/profilewidget/bio/amzn1.account.AHU7DJL5WQM6TDCXQP7SSBHYVSFQ?view=visitor,9899202
https://www.amazon.com/profilewidget/bio/amzn1.account.AF562AWUHQAVZMUKGAJ63RSAAWIA?view=visitor,22549990
https://www.amazon.com/profilewidget/bio/amzn1.account.AF5MD6H4B5M5ANKRIQAYHHTXJOUA?view=visitor,419488
https://www.amazon.com/profilewidget/bio/amzn1.account.AHXCRHWZNGHXEPFHGRF7W24R5WNA?view=visitor,978698
https://www.amazon.com/profilewidget/bio/amzn1.account.AHIZ3ZXUVIKNT5HW6XEGSFD5O2JQ?view=visitor,79120336
https://www.amazon.com/profilewidget/bio/amzn1.account.AGTXYVNXTNYSGLTUPSGS7TGS47FA?view=visitor,1752613
https://www.amazon.com/profilewidget/bio/amzn1.account.AEQHCLK4UI23WGZTYSEUPHLULF3A?view=visitor,689124
https://www.amazon.com/profilewidget/bio/amzn1.account.AEBZYICWC7BQBWNYI46CN4BZC3EQ?view=visitor,3825544
https://www.amazon.com/profilewidget/bio/amzn1.account.AGCKGMSI3MDLW624YX52TD6IVADA?view=visitor,1128879
https://www.amazon.com/profilewidget/bio/amzn1.account.AHZCYOD5Z5KOCLUEWPRCQW2XAO3Q?view=visitor,30335
https://www.amazon.com/profilewidget/bio/amzn1.account.AGNLHDQFYSE6G5SNH26XYX2Q27QA?view=visitor,8577608
https://www.amazon.com/profilewidget/bio/amzn1.account.AEGVAT3MWENVER6YRTONIOICYRVQ?view=visitor,3720678
https://www.amazon.com/profilewidget/bio/amzn1.account.AFR6LMYOUOQIROKQSSMNVYFWPVKQ?view=visitor,468799
https://www.amazon.com/profilewidget/bio/amzn1.account.AEWMG4ND6JQCVNXYUHTOC2KPYMGQ?view=visitor,3253743
https://www.amazon.com/profilewidget/bio/amzn1.account.AEBNK6WDO7U3CGZDQ77GGJMHOZPA?view=visitor,111072
https://www.amazon.com/profilewidget/bio/amzn1.account.AH55WMOQAHZAPAMEF2TAZYYHW4NA?view=visitor,516099
https://www.amazon.com/profilewidget/bio/amzn1.account.AFQGEGS7KAWVM5JMI4AITEZ2G4QA?view=visitor,3543656
https://www.amazon.com/profilewidget/bio/amzn1.account.AHQLB4CYQL5J7SCAVX4EKANAJ3GQ?view=visitor,1573629
https://www.amazon.com/profilewidget/bio/amzn1.account.AGQQI6EUO56GX6UVLAQJPOKGP2LQ?view=visitor,766821
https://www.amazon.com/profilewidget/bio/amzn1.account.AEEEJAQMV2RLK7ZXX4GV47S3CGPA?view=visitor,111991
https://www.amazon.com/profilewidget/bio/amzn1.account.AGTI7JZOGGBVHROXHXDT6VPA64IA?view=visitor,209
https://www.amazon.com/profilewidget/bio/amzn1.account.AH3B6LXCRO5JOR62ARRE6FUDVMAA?view=visitor,947963
https://www.amazon.com/profilewidget/bio/amzn1.account.AHMK6TKXJHLSGMJNAI2PGHBQWRUQ?view=visitor,616374
https://www.amazon.com/profilewidget/bio/amzn1.account.AFDKEKPGLIAB3N4BQBAETXIWAGSA?view=visitor,2162350
https://www.amazon.com/profilewidget/bio/amzn1.account.AE5QCKXTM5ILMAQUE7EAOCNYFEEQ?view=visitor,425478
https://www.amazon.com/profilewidget/bio/amzn1.account.AHBWZC3CNKVQCNJ7PLGCL3JV37EA?view=visitor,526552
https://www.amazon.com/profilewidget/bio/amzn1.account.AHHYYEZS42JLJ4QR2R44Z473DUOQ?view=visitor,693969
https://www.amazon.com/profilewidget/bio/amzn1.account.AGZ223PKZQNRIOCAWZ2OYLDFUNUQ?view=visitor,6573583
https://www.amazon.com/profilewidget/bio/amzn1.account.AEO7LPZZXEBNRWJOHIVZA5JQ23YA?view=visitor,5260176
https://www.amazon.com/profilewidget/bio/amzn1.account.AGWBHJ3HFPFI5LOMQEV5QSJXD2UQ?view=visitor,208938
https://www.amazon.com/profilewidget/bio/amzn1.account.AES4C2R436TKASCB32MJDJX3ERQA?view=visitor,1565499
https://www.amazon.com/profilewidget/bio/amzn1.account.AH72OP7YXF4RKCEHVA4BADJ2Z2JA?view=visitor,69703
https://www.amazon.com/profilewidget/bio/amzn1.account.AFN73CXHYX7OCMPDJNWPZYH3PUZA?view=visitor,1829720
https://www.amazon.com/profilewidget/bio/amzn1.account.AGIK42QUZ3ZTLSK2PB7HWN4G53EA?view=visitor,2527962
https://www.amazon.com/profilewidget/bio/amzn1.account.AFLFOB6B4SUMCJ3JM2PLC6NCEMLA?view=visitor,3134068
https://www.amazon.com/profilewidget/bio/amzn1.account.AF3OCHVXPMS3OVBDBOVOB4WDXMPA?view=visitor,3525841
https://www.amazon.com/profilewidget/bio/amzn1.account.AE2L5QDQJAIRZZQQBWOWPULZLVRA?view=visitor,4093614
https://www.amazon.com/profilewidget/bio/amzn1.account.AE44U5MWLNH3YLRR5TOE3LDMYNPA?view=visitor,1048505
https://www.amazon.com/profilewidget/bio/amzn1.account.AH6ENE7L2DKC3HWWNIIA7GSLRICQ?view=visitor,9710957
https://www.amazon.com/profilewidget/bio/amzn1.account.AFP4FAVXKVRZGJVEX2O2UBLBVXNA?view=visitor,3541590
https://www.amazon.com/profilewidget/bio/amzn1.account.AHENMVBJSQDVWPRXYS5NI3X6WLWQ?view=visitor,197699
https://www.amazon.com/profilewidget/bio/amzn1.account.AGBVCOIHHP4VVKQQORVWHG6VIHUA?view=visitor,1364122
https://www.amazon.com/profilewidget/bio/amzn1.account.AF53YM4VEQNLXKA6PCOI7POKSW3A?view=visitor,6560
https://www.amazon.com/profilewidget/bio/amzn1.account.AFNYVCKGD75WR52PLBP7NUEFABKA?view=visitor,466639
https://www.amazon.com/profilewidget/bio/amzn1.account.AFXALW7RSGUXCJAHFMSF2SPQS6BQ?view=visitor,1263895
https://www.amazon.com/profilewidget/bio/amzn1.account.AGMKPGDMRSCFQSOBWVNV7EUE3PZA?view=visitor,695141
https://www.amazon.com/profilewidget/bio/amzn1.account.AH3AN5FJVE4Y2NVDWERTBP27CMQQ?view=visitor,5723375
https://www.amazon.com/profilewidget/bio/amzn1.account.AFRJDTKPIWXTFZ22COMAQVZ3ZF7Q?view=visitor,50333
https://www.amazon.com/profilewidget/bio/amzn1.account.AEPQTR5N4ZRLC3VBTYFE6WEMGFAA?view=visitor,549605
https://www.amazon.com/profilewidget/bio/amzn1.account.AHGTUNWEIROCAPBOR5MLGO4NPH3Q?view=visitor,6313545
https://www.amazon.com/profilewidget/bio/amzn1.account.AGXZEYDVZ5YGKDPHPEAFRBONRXBA?view=visitor,2381682
https://www.amazon.com/profilewidget/bio/amzn1.account.AGECQPJNU6MPWD3JVQKASPPZZSTQ?view=visitor,1952264
https://www.amazon.com/profilewidget/bio/amzn1.account.AHZC4YCRL66OYFJMZMBY4SDHS6QQ?view=visitor,78898171
https://www.amazon.com/profilewidget/bio/amzn1.account.AEV34SNCUGVEKMJZPBXGHW7ON5NQ?view=visitor,38470
https://www.amazon.com/profilewidget/bio/amzn1.account.AETUJZXKFNYG375PPJ65CIW2ATNQ?view=visitor,6849
https://www.amazon.com/profilewidget/bio/amzn1.account.AHSBAFSVWJ7K4WD24EWDDYCT4H3Q?view=visitor,2795160
https://www.amazon.com/profilewidget/bio/amzn1.account.AHZD3RGJ2534SRZPQS2ZQBD7EDDQ?view=visitor,494000
https://www.amazon.com/profilewidget/bio/amzn1.account.AGS3T3F4QSUED2GOY7A7QEFPKYKA?view=visitor,1757467
https://www.amazon.com/profilewidget/bio/amzn1.account.AHWJCLOLDUDHWPIZI7PNNYLVDNYA?view=visitor,365853
https://www.amazon.com/profilewidget/bio/amzn1.account.AFAGSI2YGRKU22B3XOYTLZ2BEOUA?view=visitor,
https://www.amazon.com/profilewidget/bio/amzn1.account.AHSZOUCACR3J2VGHPFW2XUPJ62MA?view=visitor,140631
https://www.amazon.com/profilewidget/bio/amzn1.account.AGPVWLLI7WUC7DRW6NZ3CEB524SA?view=visitor,76213
https://www.amazon.com/profilewidget/bio/amzn1.account.AGSZE2JB7GD6HVLDLIOWJ35SNICQ?view=visitor,78983532
https://www.amazon.com/profilewidget/bio/amzn1.account.AEG6FPA4FQQ4L6LS3TQQTHKZGBVQ?view=visitor,8143883
https://www.amazon.com/profilewidget/bio/amzn1.account.AEIOKICC6TACHXTHGKPWD73OQYJQ?view=visitor,11655590
https://www.amazon.com/profilewidget/bio/amzn1.account.AHRFZ2ESOI6QSFA4PUX335JNNC2Q?view=visitor,13331433
https://www.amazon.com/profilewidget/bio/amzn1.account.AFRTJ72QLSYPCSDTURM3CD5BGZCQ?view=visitor,3976086
https://www.amazon.com/profilewidget/bio/amzn1.account.AEYV3L74BBNQTBRIEAWUQ5MCBAMQ?view=visitor,2901102
https://www.amazon.com/profilewidget/bio/amzn1.account.AHZRCUJYN367PSHWJ4WC2KD2KADQ?view=visitor,40309261
https://www.amazon.com/profilewidget/bio/amzn1.account.AGIM22KPU3MSTZPIQULJVWOZNCIQ?view=visitor,866723
https://www.amazon.com/profilewidget/bio/amzn1.account.AFNQWPCTN2KS6RX5I27GUHER5A6Q?view=visitor,368784
https://www.amazon.com/profilewidget/bio/amzn1.account.AEVTHS67IOHBDYNQHKABZK2FGLXA?view=visitor,16466582
https://www.amazon.com/profilewidget/bio/amzn1.account.AFO43SYUZJ2ERVYUMWJ777OHEVIQ?view=visitor,158573
https://www.amazon.com/profilewidget/bio/amzn1.account.AESC4Y7HM3X7XVIGMLZAYVDMAYZQ?view=visitor,1677776
https://www.amazon.com/profilewidget/bio/amzn1.account.AFLXKC4R5JLUAWLAIYWEO54IDB3A?view=visitor,3463833
https://www.amazon.com/profilewidget/bio/amzn1.account.AHLN7YEMTCDOD67RVKSXFU3LA3XA?view=visitor,466758
https://www.amazon.com/profilewidget/bio/amzn1.account.AFAGVXPAU6AJGZVKAF3JRI7DPDZQ?view=visitor,358442
https://www.amazon.com/profilewidget/bio/amzn1.account.AHDV3HOJTNLC4SZA3TSJ3KTN7ZOQ?view=visitor,842178
https://www.amazon.com/profilewidget/bio/amzn1.account.AHKH4L4CETGTXRN6UURIY4GFLXDA?view=visitor,79283389
https://www.amazon.com/profilewidget/bio/amzn1.account.AG3XVW6UNNI6JTWU7LJV5AMZYDSQ?view=visitor,547195
https://www.amazon.com/profilewidget/bio/amzn1.account.AGBS7GHQI3QLQEX2UVQ3V3HD5A3Q?view=visitor,79254313
https://www.amazon.com/profilewidget/bio/amzn1.account.AFYFZR4ESCWPSSDG6SEOUYLOGFCA?view=visitor,129357
https://www.amazon.com/profilewidget/bio/amzn1.account.AEOOQSDU2M552HS2WGCRES4GEE6A?view=visitor,38479
https://www.amazon.com/profilewidget/bio/amzn1.account.AGGP5VTTRKJYTI2Q6VQKABYQKLNQ?view=visitor,3228726
https://www.amazon.com/profilewidget/bio/amzn1.account.AF2QMLWLFBNPAJBU5MKGHCKRPNGQ?view=visitor,771594
https://www.amazon.com/profilewidget/bio/amzn1.account.AFN5A3K2BATXTCH53YE3NNIHG63A?view=visitor,1182100
https://www.amazon.com/profilewidget/bio/amzn1.account.AGHT3RCMX3NAH6JDKEOVHGNSJQOA?view=visitor,5115893
https://www.amazon.com/profilewidget/bio/amzn1.account.AHJZABHIXES7CI2UKCIKXVBWOKTA?view=visitor,277762
https://www.amazon.com/profilewidget/bio/amzn1.account.AH3NXTZIR4VSVOHAAT3UIWQEEBRA?view=visitor,23922853
https://www.amazon.com/profilewidget/bio/amzn1.account.AF6GWBSXAYY4REPOKEPBQG7UM4LA?view=visitor,242478
https://www.amazon.com/profilewidget/bio/amzn1.account.AHYERFUVDMDJAHVRS2LJ7LI3V6DQ?view=visitor,533498
https://www.amazon.com/profilewidget/bio/amzn1.account.AHGCDH6MGVW4ZCT3IVXDDVQBZ4IA?view=visitor,3944122
https://www.amazon.com/profilewidget/bio/amzn1.account.AELOMSZT4KFPLJTFXV4FGH4HOAUA?view=visitor,113822
https://www.amazon.com/profilewidget/bio/amzn1.account.AFR2AGH4X7CGSC7ITJBADBHI54GA?view=visitor,3003312
https://www.amazon.com/profilewidget/bio/amzn1.account.AFMDXWLZWTY4GRQPQKYRRPCUECRQ?view=visitor,524590
https://www.amazon.com/profilewidget/bio/amzn1.account.AEV3GIQCSLWGQDXCROP3A6O5O5JA?view=visitor,1682346
https://www.amazon.com/profilewidget/bio/amzn1.account.AH4OYZDCVF5EHQIGEIOKEHW4X7JQ?view=visitor,1115228
https://www.amazon.com/profilewidget/bio/amzn1.account.AEJV4W7WB3HDRTJBTQMX5XO5VJFA?view=visitor,97782
https://www.amazon.com/profilewidget/bio/amzn1.account.AFSHHVA62EBTL6UXH6YJW2WA52QA?view=visitor,1687792
https://www.amazon.com/profilewidget/bio/amzn1.account.AEWYTJL23BJ6ZAPTK4D357XKMRJA?view=visitor,21371173
https://www.amazon.com/profilewidget/bio/amzn1.account.AEJ33R64CS46LK4ZN3RHTLTBO4ZQ?view=visitor,79289164
https://www.amazon.com/profilewidget/bio/amzn1.account.AH3QTWLKCQALKGPAOWZA77TIBIMQ?view=visitor,7031015
https://www.amazon.com/profilewidget/bio/amzn1.account.AEGFOOONKW2EJJLBCJJTQHEZY7JA?view=visitor,9504835
https://www.amazon.com/profilewidget/bio/amzn1.account.AFLCRJPOPWEUWFSEQ2WZJDXQIF3Q?view=visitor,1608543
https://www.amazon.com/profilewidget/bio/amzn1.account.AGI2OSJYJF7YRS77J2P6RIXAP4TQ?view=visitor,8043
https://www.amazon.com/profilewidget/bio/amzn1.account.AETEJZ5FC6L2UOVYH3XLDVQKLZFQ?view=visitor,40782
https://www.amazon.com/profilewidget/bio/amzn1.account.AFIDQWIOAHI5Z7WWBBH3XID54D6Q?view=visitor,188520
https://www.amazon.com/profilewidget/bio/amzn1.account.AEYKOC43BYK3J2PZC3GRDTBPI36A?view=visitor,1031200
https://www.amazon.com/profilewidget/bio/amzn1.account.AFAGNV7NNUWJ45Y4ZKMZYFGDKXEQ?view=visitor,3623593
https://www.amazon.com/profilewidget/bio/amzn1.account.AFWUBTWSNB43RSUBSRGMZQQDQTPA?view=visitor,343635
https://www.amazon.com/profilewidget/bio/amzn1.account.AF3PRN5GIPXATI5PBG6FGNLBPTNQ?view=visitor,984490
https://www.amazon.com/profilewidget/bio/amzn1.account.AHAVRMFGNJ5IRSQHBGS6VJ57YRZQ?view=visitor,218821
https://www.amazon.com/profilewidget/bio/amzn1.account.AEYQQSHYULFZIP22SAHKI4CKP3SA?view=visitor,143486
https://www.amazon.com/profilewidget/bio/amzn1.account.AG7DWTXYEOVTRJCL7XAJY5ZE4OYQ?view=visitor,4379694
https://www.amazon.com/profilewidget/bio/amzn1.account.AERIOMTMCOUFOKNE4WWCDG72M5LQ?view=visitor,916350
https://www.amazon.com/profilewidget/bio/amzn1.account.AFMDYXA4JTV7W62V2HZD3RISTRAA?view=visitor,1574388
https://www.amazon.com/profilewidget/bio/amzn1.account.AFMC55TFOU2GBIZCORTLLLVPRNUQ?view=visitor,218824
https://www.amazon.com/profilewidget/bio/amzn1.account.AFIDK52OIITDKRNFXSKE7YXQDQVQ?view=visitor,1799068
https://www.amazon.com/profilewidget/bio/amzn1.account.AFG3WAAWUDBBQ6ZNN4BFQPWVTIJA?view=visitor,1032562
https://www.amazon.com/profilewidget/bio/amzn1.account.AG4CXAM3D6Z5NP26V6MAX2TWINIA?view=visitor,82163
https://www.amazon.com/profilewidget/bio/amzn1.account.AE5RABA4XO5UD3LHYTM6LYSOADNQ?view=visitor,2967688
https://www.amazon.com/profilewidget/bio/amzn1.account.AGDJPXUSVK5V2NCTVI2VZPEXCVKA?view=visitor,79100544
https://www.amazon.com/profilewidget/bio/amzn1.account.AFF5ORPKTXN3HPH7MP22VDTORIFA?view=visitor,79292470
https://www.amazon.com/profilewidget/bio/amzn1.account.AEXRI4MYL4P7ERWGLNTHVC7EEVDQ?view=visitor,9984974
https://www.amazon.com/profilewidget/bio/amzn1.account.AHDBAX5SFEZ5IOBEISCXLE2UPBGA?view=visitor,73909
https://www.amazon.com/profilewidget/bio/amzn1.account.AEVSTCFB452JVVWT6Q3EE3RMZ7XA?view=visitor,1407260
https://www.amazon.com/profilewidget/bio/amzn1.account.AH4CT3RQOUPVY3VLRHFQMHM4DHRA?view=visitor,8827
https://www.amazon.com/profilewidget/bio/amzn1.account.AEHWVHK6DRWCUTLXTVBTQ4TYNSZQ?view=visitor,41313
https://www.amazon.com/profilewidget/bio/amzn1.account.AHTAQIDJ2FAWXSJ3CIZFODGUJMWA?view=visitor,4408358
https://www.amazon.com/profilewidget/bio/amzn1.account.AGSIXOYOMSI46HQGHF2LDQUK3YKQ?view=visitor,110681
https://www.amazon.com/profilewidget/bio/amzn1.account.AHB4WRI3ZPRAHVEWWREBDSR4MP7Q?view=visitor,413377
https://www.amazon.com/profilewidget/bio/amzn1.account.AGMALANPZRFL6MZLKXN5CDKQHP7A?view=visitor,4110942
https://www.amazon.com/profilewidget/bio/amzn1.account.AEQTQTVIQKJXJILOGAZRJTZO7GSQ?view=visitor,769808
https://www.amazon.com/profilewidget/bio/amzn1.account.AEZL274RZQ5NT5YYIVPDIPKKS2VQ?view=visitor,10567614
https://www.amazon.com/profilewidget/bio/amzn1.account.AES5IXSMS7YFV37ASCDF4J4LQKSA?view=visitor,2513804
https://www.amazon.com/profilewidget/bio/amzn1.account.AHNHDOBULSVDTOJEDJEY2VQRH6DA?view=visitor,146964
https://www.amazon.com/profilewidget/bio/amzn1.account.AGDWRGGPIZ5ZR6U5Q6JD4W4GEDNQ?view=visitor,288107
https://www.amazon.com/profilewidget/bio/amzn1.account.AGUARSFWI2RORTBZFXB6B6TOM3KA?view=visitor,217560
https://www.amazon.com/profilewidget/bio/amzn1.account.AHX5G6DOLBJUKTIV2XZZYOVLQYTA?view=visitor,77023
https://www.amazon.com/profilewidget/bio/amzn1.account.AFG6WZ7I57FBXTKPGJBEEAAS3FJQ?view=visitor,595942
https://www.amazon.com/profilewidget/bio/amzn1.account.AHRDXR3BL7KK23GNKKAWC6A3JP6Q?view=visitor,686233
https://www.amazon.com/profilewidget/bio/amzn1.account.AHJETXLIJCPKRJ7CSTYI556ERGSA?view=visitor,983047
https://www.amazon.com/profilewidget/bio/amzn1.account.AFOCOHXLSYL7JRGOKP7WGO664OFA?view=visitor,48978
https://www.amazon.com/profilewidget/bio/amzn1.account.AG2GQPFSON3O2DAVL44VIT3EK2QQ?view=visitor,62950
https://www.amazon.com/profilewidget/bio/amzn1.account.AEH2FBVLW7AYA5TRXABGED2UNOBA?view=visitor,3123153
https://www.amazon.com/profilewidget/bio/amzn1.account.AGJOUTDKRLPTVKYWW32RUK6BVXGQ?view=visitor,3621735
https://www.amazon.com/profilewidget/bio/amzn1.account.AEZSOOWF5TRLVUB753VIILVI23DA?view=visitor,782598
https://www.amazon.com/profilewidget/bio/amzn1.account.AEX7NDCH4NWL6U2GN5JUKQRVHZPA?view=visitor,3020345
https://www.amazon.com/profilewidget/bio/amzn1.account.AHRN7CACQDRAVCBBWHTSSPGZ3RSA?view=visitor,1222701
https://www.amazon.com/profilewidget/bio/amzn1.account.AHPNKO5KUYN5H4YZIBEXPJRFPU7Q?view=visitor,33612
https://www.amazon.com/profilewidget/bio/amzn1.account.AF7QUBWTTNQA3V3YYF6V3G6UNNSQ?view=visitor,9493427
https://www.amazon.com/profilewidget/bio/amzn1.account.AFYTK2S5SZPQDSHKNMGTH6KFAZEA?view=visitor,66685
https://www.amazon.com/profilewidget/bio/amzn1.account.AHFKMANMTKHDMTM6AL22RGOQLCVQ?view=visitor,876572
https://www.amazon.com/profilewidget/bio/amzn1.account.AGI35BG2YIAT4AZ363MKPL3ESZSA?view=visitor,579834
https://www.amazon.com/profilewidget/bio/amzn1.account.AFGKXVTDWN6GAYS7QNDZKSDUJUCQ?view=visitor,5434300
https://www.amazon.com/profilewidget/bio/amzn1.account.AFJVQM762Y7QGERUW4OURGCPBFAA?view=visitor,9165569
https://www.amazon.com/profilewidget/bio/amzn1.account.AGEJW3HDIQ3OHLBJNNJTQTROQFCA?view=visitor,3193500
https://www.amazon.com/profilewidget/bio/amzn1.account.AFPDERPZD7ZY5NGSPUDC5DOTJLAA?view=visitor,79241493
https://www.amazon.com/profilewidget/bio/amzn1.account.AE52NDY6XY4RQ5K4SZ5EG7HBYQVQ?view=visitor,1970838
https://www.amazon.com/profilewidget/bio/amzn1.account.AFSH3T56FROQW345C7SW3M4M4A3Q?view=visitor,141139
https://www.amazon.com/profilewidget/bio/amzn1.account.AGKKFARYAPWI6PD6AOEBOI6KFKLQ?view=visitor,999523
https://www.amazon.com/profilewidget/bio/amzn1.account.AGWOYLWJ5PJAGOUUL3KUKSVZYVCQ?view=visitor,2169970
https://www.amazon.com/profilewidget/bio/amzn1.account.AHPZRX6RCT6GJVUZTDWHBKTID6HA?view=visitor,3147773
https://www.amazon.com/profilewidget/bio/amzn1.account.AEJZHHBDH4KWYGM5CKQXHZBAZFZA?view=visitor,315280
https://www.amazon.com/profilewidget/bio/amzn1.account.AE2DPO4HC66EFFBRFLGLSPRO6USQ?view=visitor,149459
https://www.amazon.com/profilewidget/bio/amzn1.account.AFE5KC4OTCMEBVGNL4UWP33ZC74A?view=visitor,365519
https://www.amazon.com/profilewidget/bio/amzn1.account.AE2RMGJF5RDFS3OJWKPOVKLCHYZQ?view=visitor,18911950
https://www.amazon.com/profilewidget/bio/amzn1.account.AE6H4XRKB3BDIGZAUGVLXES4XRGQ?view=visitor,306615
https://www.amazon.com/profilewidget/bio/amzn1.account.AEGNDVZQVWLCKQZ5HUGITFC5ZJFA?view=visitor,6702785
https://www.amazon.com/profilewidget/bio/amzn1.account.AERKZSICAH3V2FWAJOT4QIMUVGSA?view=visitor,2585569
https://www.amazon.com/profilewidget/bio/amzn1.account.AEOJ34CI7JCYJNCSYBHXUYELHD4Q?view=visitor,9737245
https://www.amazon.com/profilewidget/bio/amzn1.account.AGZBJCINHLSXPSKI57ZE62BNKTVA?view=visitor,564098
https://www.amazon.com/profilewidget/bio/amzn1.account.AGRGJD42VO4YA23XU4EILZNRAJUQ?view=visitor,3155766
https://www.amazon.com/profilewidget/bio/amzn1.account.AFX7UDC4V5MXNK5GNNDR2A7RNLLQ?view=visitor,563960
https://www.amazon.com/profilewidget/bio/amzn1.account.AF2LOTWGSNP6C2S5BTOAFAFHVSOA?view=visitor,3700570
https://www.amazon.com/profilewidget/bio/amzn1.account.AEJ35QZXI32AU4I4WCTXMHN52C7A?view=visitor,79219359
https://www.amazon.com/profilewidget/bio/amzn1.account.AFCHDXJFIL2EJDIFBIHOCW256SGQ?view=visitor,1663
https://www.amazon.com/profilewidget/bio/amzn1.account.AH2O3JO56DPVNYHLYGY655JKU5VQ?view=visitor,210715
https://www.amazon.com/profilewidget/bio/amzn1.account.AEIZ2UCUJSOPILOKAAUO3RAJWT5A?view=visitor,54002960
https://www.amazon.com/profilewidget/bio/amzn1.account.AHNHI6HSFWHWBCI7BGDJRIIAEJVQ?view=visitor,78741309
https://www.amazon.com/profilewidget/bio/amzn1.account.AEO7UR7TEE54YEWS46GGEOGGTGPQ?view=visitor,1024589
https://www.amazon.com/profilewidget/bio/amzn1.account.AHO5QUGHJOLPUQJBNF5LRONXUBMQ?view=visitor,4708048
https://www.amazon.com/profilewidget/bio/amzn1.account.AGLNL745YC3GMWOV6CT7BFANQHKQ?view=visitor,7860119
https://www.amazon.com/profilewidget/bio/amzn1.account.AHZJMVCSQNZPSTAOB2KXR7GCCQ5A?view=visitor,13352
https://www.amazon.com/profilewidget/bio/amzn1.account.AEPOTBADDH7BJBFVQNFMXBFVFXYQ?view=visitor,79174557
https://www.amazon.com/profilewidget/bio/amzn1.account.AHFPRA44MA5Y4N5U32JLZO6ASIDQ?view=visitor,286995
https://www.amazon.com/profilewidget/bio/amzn1.account.AFREHSSXALODD6GHEQVBB3QGODBA?view=visitor,5070544
https://www.amazon.com/profilewidget/bio/amzn1.account.AEIMAOS463R6YKKYW4BRJN6QHOPA?view=visitor,13026
https://www.amazon.com/profilewidget/bio/amzn1.account.AECN7WOTQ2XEUDF2AFBG75YB2CGA?view=visitor,4162526
https://www.amazon.com/profilewidget/bio/amzn1.account.AH7PACMWIPTOCJIFVHQLLDBVL4OQ?view=visitor,203863
https://www.amazon.com/profilewidget/bio/amzn1.account.AHCVTVMT7UVB2G6BZVQ3ZB4WGE3Q?view=visitor,180422
https://www.amazon.com/profilewidget/bio/amzn1.account.AFJXWZDTT6K4ELVARYRV7SYERBWQ?view=visitor,1317942
https://www.amazon.com/profilewidget/bio/amzn1.account.AETWCXS4XY7YGSY7PS6BZXQDKPJQ?view=visitor,2867423
https://www.amazon.com/profilewidget/bio/amzn1.account.AH4CHIQCOAIBQPGKZRVTWACFK64A?view=visitor,3213
https://www.amazon.com/profilewidget/bio/amzn1.account.AGHTR3PXI32HQ2TCRRB5H4PPBHEA?view=visitor,102256
https://www.amazon.com/profilewidget/bio/amzn1.account.AGKDQLJIRBTL3L4WVH6GNE5CMHKQ?view=visitor,817129
https://www.amazon.com/profilewidget/bio/amzn1.account.AFAKKKSOVXA72W2S2H5XQ3SSR4QA?view=visitor,1665472
https://www.amazon.com/profilewidget/bio/amzn1.account.AG34BM7Z5DCBHM33Q3C7XS3WRV5A?view=visitor,5671782
https://www.amazon.com/profilewidget/bio/amzn1.account.AFU3CI3RJJTDT7DLP2UYO6RNMPDQ?view=visitor,1049030
https://www.amazon.com/profilewidget/bio/amzn1.account.AGI6UJNOYZAGMOXVT6DLSE54D7DQ?view=visitor,3894077
https://www.amazon.com/profilewidget/bio/amzn1.account.AHIHYD75SGI6C7RVEBCR3GCGZXRA?view=visitor,71963291
https://www.amazon.com/profilewidget/bio/amzn1.account.AF2IGKOQYEX6PSBO7DSIZS5JUMVQ?view=visitor,4965692
https://www.amazon.com/profilewidget/bio/amzn1.account.AHLQSKZKXTYMJFQZQYEGH2D2V5YQ?view=visitor,189044
https://www.amazon.com/profilewidget/bio/amzn1.account.AHYLTTAKGCDRWGKVOTEOZXCR2E7A?view=visitor,102512
https://www.amazon.com/profilewidget/bio/amzn1.account.AH7RSR6DIVYHOLKLNWDGXJOGWGMQ?view=visitor,79290118
https://www.amazon.com/profilewidget/bio/amzn1.account.AEKOQ4KGYLF3JAI5KOUJN45GGSVA?view=visitor,35785
https://www.amazon.com/profilewidget/bio/amzn1.account.AELMSI7MFNKIHZMN32YCIMPHE2VA?view=visitor,123101
https://www.amazon.com/profilewidget/bio/amzn1.account.AE6TYRASYCKCVP6XL4UNRQ5KRM3Q?view=visitor,200445
https://www.amazon.com/profilewidget/bio/amzn1.account.AENDCLMKSPJIUGCVFPTGKPARXNKQ?view=visitor,21514259
https://www.amazon.com/profilewidget/bio/amzn1.account.AGCJHYVBNHADUHWOFDVOFDS3PJNQ?view=visitor,164468
https://www.amazon.com/profilewidget/bio/amzn1.account.AFE4ETXMOZEFHRMS4G76PTEUWBKA?view=visitor,253883
https://www.amazon.com/profilewidget/bio/amzn1.account.AFOPE22VTHGAYHSH4IBU7OUDZEEA?view=visitor,519809
https://www.amazon.com/profilewidget/bio/amzn1.account.AFUO6ERLXJYK5A7Z5HHT5U2AAPCA?view=visitor,469978
https://www.amazon.com/profilewidget/bio/amzn1.account.AFB2OYIKDUUW4VUERY3T6RS6SYRQ?view=visitor,3190667
https://www.amazon.com/profilewidget/bio/amzn1.account.AHLEGKR7AR7RUNGBI2SVYCUH6MHA?view=visitor,1562521
https://www.amazon.com/profilewidget/bio/amzn1.account.AHER3TOWXA5OKYTAS23BRV65KG5A?view=visitor,81199
https://www.amazon.com/profilewidget/bio/amzn1.account.AGQX26RGWVFBE7HLQAUDERZFMHZA?view=visitor,3260169
https://www.amazon.com/profilewidget/bio/amzn1.account.AFSU4MJVJFYLDCHEVG767UP67NUA?view=visitor,7383472
https://www.amazon.com/profilewidget/bio/amzn1.account.AHJNLNKM2U72GDTVYRRQUMETA3SQ?view=visitor,3817890
https://www.amazon.com/profilewidget/bio/amzn1.account.AHPFUZ5OCM7VTYMQMARWJXTYJQUA?view=visitor,2036650
https://www.amazon.com/profilewidget/bio/amzn1.account.AGHAGHDGEISYYMQCKIVPWY3KW2ZQ?view=visitor,18304691
https://www.amazon.com/profilewidget/bio/amzn1.account.AGNIRLBWZEJGHM56P3SIT6WPG3SQ?view=visitor,1706914
https://www.amazon.com/profilewidget/bio/amzn1.account.AGDW4LUTQO66FIMF6WRZZI5YXYBQ?view=visitor,79174953
https://www.amazon.com/profilewidget/bio/amzn1.account.AGOGDVBGZQYUVV5KHD7ORS4M7ZUA?view=visitor,1370123
https://www.amazon.com/profilewidget/bio/amzn1.account.AGCYG54GV4CNREUXFAVD4HH2QVDQ?view=visitor,3710302
https://www.amazon.com/profilewidget/bio/amzn1.account.AEC7NFCP4NGGMOHIF6H7EGNQOH2A?view=visitor,3224825
https://www.amazon.com/profilewidget/bio/amzn1.account.AF5AKTMW7WFJTX54QIEP3IXAXL3A?view=visitor,96670
https://www.amazon.com/profilewidget/bio/amzn1.account.AFDFANXSYOJJFVQHARJ5GQ4BWMFQ?view=visitor,1595228
https://www.amazon.com/profilewidget/bio/amzn1.account.AGSX6YVOJBNWD2FDQFF2PZVG6IMQ?view=visitor,6155103
https://www.amazon.com/profilewidget/bio/amzn1.account.AGPGZRGFSCGQPTA3VK4QLAQ4KLXQ?view=visitor,1230675
https://www.amazon.com/profilewidget/bio/amzn1.account.AH367OLMOG6KAKIMPEHSEKO3GCXQ?view=visitor,79242251
https://www.amazon.com/profilewidget/bio/amzn1.account.AHUZ3JSTQ7MS6PHGV2YUYLQ7UKPA?view=visitor,24957
https://www.amazon.com/profilewidget/bio/amzn1.account.AGXPTXRM7FZB5NOVJSWLHRCN4VIA?view=visitor,5001252
https://www.amazon.com/profilewidget/bio/amzn1.account.AGSG2QGZGFALBPK2JZJCL3VMKZBQ?view=visitor,747309
https://www.amazon.com/profilewidget/bio/amzn1.account.AFVQL5P5AQFJD5LUR2NDRMDMLFLA?view=visitor,289240
https://www.amazon.com/profilewidget/bio/amzn1.account.AHHZ3OXUHMPDJFTZFAEHGYPBW7RQ?view=visitor,2773077
https://www.amazon.com/profilewidget/bio/amzn1.account.AHVGCGQPYW3ZBILMP3GJI2DCKMWA?view=visitor,5756329
https://www.amazon.com/profilewidget/bio/amzn1.account.AE2KYBYJYTDFYGCG22ROX7QMZSGQ?view=visitor,78250223
https://www.amazon.com/profilewidget/bio/amzn1.account.AFMMPQBUQLKKIOUOAUIVKTJ7DJ7Q?view=visitor,612766
https://www.amazon.com/profilewidget/bio/amzn1.account.AGCGDSHUO675N4R6AOPRXGEDFKTQ?view=visitor,657811
https://www.amazon.com/profilewidget/bio/amzn1.account.AGQM3NQWO74RES4V5WLOAIRKMLZQ?view=visitor,487358
https://www.amazon.com/profilewidget/bio/amzn1.account.AH4LDF6OESZMOHIPXDEJOJ2D63TA?view=visitor,1078044
https://www.amazon.com/profilewidget/bio/amzn1.account.AGIZWEYM44X3LWQMAJD7E5RPXIFQ?view=visitor,318202
https://www.amazon.com/profilewidget/bio/amzn1.account.AGMU25BWPUA4XWAKVMDN63DFJ7NQ?view=visitor,1243849
https://www.amazon.com/profilewidget/bio/amzn1.account.AHIHRDPEJJ7LEN727NCPDHTPGERQ?view=visitor,1851905
https://www.amazon.com/profilewidget/bio/amzn1.account.AHXQ3JLPGGVWF7ZFOZEBSN6RWJSA?view=visitor,55878
https://www.amazon.com/profilewidget/bio/amzn1.account.AFENKH4ZRG3TM6SJG72ROKEDJFPA?view=visitor,13245608
https://www.amazon.com/profilewidget/bio/amzn1.account.AFFCHN3YO3K4LBCBX5B7MNDJMIAQ?view=visitor,2382743
https://www.amazon.com/profilewidget/bio/amzn1.account.AGRXVI7SNDLKSJPQXXNR7RYBSMFA?view=visitor,341120
https://www.amazon.com/profilewidget/bio/amzn1.account.AHB2NSAUDKT63MVWWEMHV6WUI3LA?view=visitor,5688431
https://www.amazon.com/profilewidget/bio/amzn1.account.AGJ5QE5II4LILFY4J6YXKWPSDEKA?view=visitor,2741830
https://www.amazon.com/profilewidget/bio/amzn1.account.AHWPALMPOOHP2SRL5NU44FGZLVBA?view=visitor,74419
https://www.amazon.com/profilewidget/bio/amzn1.account.AFZJRZB4WJFQJ5RHYVZ76WBZ6DTA?view=visitor,2380086
https://www.amazon.com/profilewidget/bio/amzn1.account.AGJ4GSHEQNZ7RBKO77LRERZEE6NA?view=visitor,476985
https://www.amazon.com/profilewidget/bio/amzn1.account.AGAD6EBXI5M32JZNC5DBDQBXTHOQ?view=visitor,1812481
https://www.amazon.com/profilewidget/bio/amzn1.account.AE4NXURNTQQY3CJWRTJQMBJR7HLA?view=visitor,459543
https://www.amazon.com/profilewidget/bio/amzn1.account.AHHKEQVRJGPJHFBWXHQD3S26FOQA?view=visitor,5878875
https://www.amazon.com/profilewidget/bio/amzn1.account.AH7SEU4CWYD5MR46TNAA2LU7JIDA?view=visitor,4967340
https://www.amazon.com/profilewidget/bio/amzn1.account.AHLBAVSR25RWCVAWTWVBON4F3N4A?view=visitor,6549639
https://www.amazon.com/profilewidget/bio/amzn1.account.AEJFVCVKOWQDDGEEWBQENZYUESUQ?view=visitor,5532816
https://www.amazon.com/profilewidget/bio/amzn1.account.AFHIZGNCCGBADNIKYLVDOZKBI5WA?view=visitor,129940
https://www.amazon.com/profilewidget/bio/amzn1.account.AE7GA3U6Y32ZKNKWN3B32YIN7P7A?view=visitor,7429
https://www.amazon.com/profilewidget/bio/amzn1.account.AFXRMHETDBIKE3H5LLBPXPOCPEUA?view=visitor,1571538
https://www.amazon.com/profilewidget/bio/amzn1.account.AG5J2VZXKLQP3VITVGU2U5DRBFYQ?view=visitor,3111587
https://www.amazon.com/profilewidget/bio/amzn1.account.AEADKD5BVAQOXBMTUPKQLGD55C5A?view=visitor,1096782
https://www.amazon.com/profilewidget/bio/amzn1.account.AGFBWP2GG7SBLS443XE3FZYDPVCA?view=visitor,403501
https://www.amazon.com/profilewidget/bio/amzn1.account.AHTMVRO3SFR67362CZ74KG73JASA?view=visitor,694981
https://www.amazon.com/profilewidget/bio/amzn1.account.AGH7ZWNDQ5MWGZE3EPCRAJQBY3WA?view=visitor,13847
https://www.amazon.com/profilewidget/bio/amzn1.account.AEAPNSKT4KBIKNBN3L5AXIDOYBVQ?view=visitor,274800
https://www.amazon.com/profilewidget/bio/amzn1.account.AGFAC5XHRREKGCHOV5YVSDH5J5TA?view=visitor,156098
https://www.amazon.com/profilewidget/bio/amzn1.account.AES2K3VIYKYSI3W6O7AVBNOE22UA?view=visitor,1017518
https://www.amazon.com/profilewidget/bio/amzn1.account.AHF7KCUYB2MDE64YZQF55FW4UJMA?view=visitor,182305
https://www.amazon.com/profilewidget/bio/amzn1.account.AFEVKMXAUYIJ7KJCRDD7JZ4YYLFQ?view=visitor,1529582
https://www.amazon.com/profilewidget/bio/amzn1.account.AHJIYUAAQ2WMTNORUSLHFYPUYLXQ?view=visitor,641271
https://www.amazon.com/profilewidget/bio/amzn1.account.AGRYMXBVCX75ZVHBM4XPXLIJ5CYA?view=visitor,1157060
https://www.amazon.com/profilewidget/bio/amzn1.account.AE5WK5FJM4OENYOGK57WZQR3KO6Q?view=visitor,11075912
https://www.amazon.com/profilewidget/bio/amzn1.account.AHOEDLVSUF2OMIBLEIJPDRDNNE2Q?view=visitor,1104758
https://www.amazon.com/profilewidget/bio/amzn1.account.AHQLW3IUGW3VDPYT6HZXJ7PM3M6Q?view=visitor,2825708
https://www.amazon.com/profilewidget/bio/amzn1.account.AHFA7YYGKN5APSCZCNBL3PGOHREA?view=visitor,15740766
https://www.amazon.com/profilewidget/bio/amzn1.account.AH2WL5FFLRATSJ36OWY4OSWS25WA?view=visitor,673632
https://www.amazon.com/profilewidget/bio/amzn1.account.AGMV2P24F232YJMLJU6SXAKC4VIQ?view=visitor,1213521
https://www.amazon.com/profilewidget/bio/amzn1.account.AF34IPTWP7QNHD6NBFWFXSPAN5HQ?view=visitor,2187031
https://www.amazon.com/profilewidget/bio/amzn1.account.AENYCCZZZBBPIE7J7DRRWGO3ZDSA?view=visitor,71646
https://www.amazon.com/profilewidget/bio/amzn1.account.AGUAIO4N5R33XNNSD2XUYY4OGXPQ?view=visitor,760747
https://www.amazon.com/profilewidget/bio/amzn1.account.AEY3XVK2VHXZLXG7H3ERYTHGZQXQ?view=visitor,3152247
https://www.amazon.com/profilewidget/bio/amzn1.account.AG6K3LAK6SGYPBQYZRCNR6GY7TPQ?view=visitor,1720609
https://www.amazon.com/profilewidget/bio/amzn1.account.AERYGTTT5ZLOKSE24HTR363SQMKQ?view=visitor,494916
https://www.amazon.com/profilewidget/bio/amzn1.account.AFM4JUI4ORZ6ZZWL7SGJ2TIXKGBQ?view=visitor,213553
https://www.amazon.com/profilewidget/bio/amzn1.account.AEADF7RMZM3MEBR2VZCALDC4DM2Q?view=visitor,5111014
https://www.amazon.com/profilewidget/bio/amzn1.account.AFOPIRFYQKHCG57QXSCPOUFVE3KQ?view=visitor,126027
https://www.amazon.com/profilewidget/bio/amzn1.account.AFDPF4LTPA35U57ZUQRQCVX5WRYQ?view=visitor,2991083
https://www.amazon.com/profilewidget/bio/amzn1.account.AE32ZUI7ZKZXV4TBWNYNMGSAD6GA?view=visitor,567382
https://www.amazon.com/profilewidget/bio/amzn1.account.AFKJI2I4LLQ4X6XG7IXRFJPT7TBA?view=visitor,3331197
https://www.amazon.com/profilewidget/bio/amzn1.account.AFOKLY4FAKOLPIGWRSYNJJ6H5KDA?view=visitor,1051283
https://www.amazon.com/profilewidget/bio/amzn1.account.AHW3F7HN6EK642ZWFXQID4SBVQ3A?view=visitor,172148
https://www.amazon.com/profilewidget/bio/amzn1.account.AHITTF5V2DMDWPCCIGRQXUU4VBGQ?view=visitor,4009967
https://www.amazon.com/profilewidget/bio/amzn1.account.AGDED7XQYHGQLWB5IN5CJF24TTAA?view=visitor,881418
https://www.amazon.com/profilewidget/bio/amzn1.account.AGTYIDAHWR2CJRPMYD6X4AUNRMBA?view=visitor,739413
https://www.amazon.com/profilewidget/bio/amzn1.account.AHVMJAXWHKLIHSCRKZD425IB7DIA?view=visitor,15896055
https://www.amazon.com/profilewidget/bio/amzn1.account.AGCLZZLI25BJHWY6BJ3WK5OZQX2A?view=visitor,78741278
https://www.amazon.com/profilewidget/bio/amzn1.account.AEV5P7F4YBQ4MAC5VCGUB53ZMLMA?view=visitor,78801285
https://www.amazon.com/profilewidget/bio/amzn1.account.AF53ECSAPFELR3PEYRRAO5U33NTQ?view=visitor,2037718
https://www.amazon.com/profilewidget/bio/amzn1.account.AGCXPP57NMTBMGDYUT5YOC3FMWNQ?view=visitor,8436124
https://www.amazon.com/profilewidget/bio/amzn1.account.AHPKDJ5DNP7I3DIY4773LEZIRDEA?view=visitor,2928903
https://www.amazon.com/profilewidget/bio/amzn1.account.AHSRQSDZ5RP32MB3ROGKJJNJCHUQ?view=visitor,14370
https://www.amazon.com/profilewidget/bio/amzn1.account.AH7KLUSVLRQAATNAFHYRV2TINDXA?view=visitor,6341017
https://www.amazon.com/profilewidget/bio/amzn1.account.AFBKBHLOWRUFIV4RQEUSSIICVMMA?view=visitor,528850
https://www.amazon.com/profilewidget/bio/amzn1.account.AE3BRHNGIBZRQIBBCTYGTI6UFNIQ?view=visitor,104226
https://www.amazon.com/profilewidget/bio/amzn1.account.AH3I7IFSSCDB66UIMIA2JO3OOQXA?view=visitor,1813276
https://www.amazon.com/profilewidget/bio/amzn1.account.AETMOJ6PWM5T2NYXBE6X4WAPOAKQ?view=visitor,7108241
https://www.amazon.com/profilewidget/bio/amzn1.account.AHWSMD3KBRLBTASF5R5YVEJQOU5A?view=visitor,
https://www.amazon.com/profilewidget/bio/amzn1.account.AHMXN4H72HGVJOYWIV74BFXIAF7Q?view=visitor,1682190
https://www.amazon.com/profilewidget/bio/amzn1.account.AGM2BM44MY5ZZSMCSVJHMXNDVIRA?view=visitor,2860268
https://www.amazon.com/profilewidget/bio/amzn1.account.AGIX6OEB3CKDXBWHLHRSS6VL3I2A?view=visitor,5096951
https://www.amazon.com/profilewidget/bio/amzn1.account.AHLLDTCMSOQISJKTOZENPXJT4VMA?view=visitor,3287574
https://www.amazon.com/profilewidget/bio/amzn1.account.AERIEBFYPGAEDEZUBJ2S2MNTVQJA?view=visitor,94712
https://www.amazon.com/profilewidget/bio/amzn1.account.AEFBX4MQWTJ7AD73AFNJK723IMRA?view=visitor,140681
https://www.amazon.com/profilewidget/bio/amzn1.account.AHZDFJKELGXKDB5T5PXFNDREDXGQ?view=visitor,78593363
https://www.amazon.com/profilewidget/bio/amzn1.account.AEFG4LXHJORYEPOBMURPTQKICM3Q?view=visitor,1580806
https://www.amazon.com/profilewidget/bio/amzn1.account.AF7TIUGMZAWQNLJ22UZQLZLBRQJQ?view=visitor,218190
https://www.amazon.com/profilewidget/bio/amzn1.account.AG4QRTSFKAZU6NQKX4VTAIDBNHUA?view=visitor,672513
https://www.amazon.com/profilewidget/bio/amzn1.account.AE45NO5DZZIN3GIMBJKBR4RJ6AZA?view=visitor,2760732
https://www.amazon.com/profilewidget/bio/amzn1.account.AEMLCVCR3LGGNB7HZXMXGMO7H3BA?view=visitor,206179
https://www.amazon.com/profilewidget/bio/amzn1.account.AHQ7JIC6PYVKAHSVMB5US3TLEMMQ?view=visitor,78854565
https://www.amazon.com/profilewidget/bio/amzn1.account.AEE3O3ZY34HXWKENK7OXCKDNOMNA?view=visitor,97482
https://www.amazon.com/profilewidget/bio/amzn1.account.AGUHRYIQBRAFHX26NS2QYFDSVBYA?view=visitor,15766335
https://www.amazon.com/profilewidget/bio/amzn1.account.AG6MSJZG7MKDDT7UGDBNGC7IFTCA?view=visitor,903923
https://www.amazon.com/profilewidget/bio/amzn1.account.AHRCHITD4DQL7PYL5HWIWB3IU3MA?view=visitor,2575727
https://www.amazon.com/profilewidget/bio/amzn1.account.AEJNBFTH5NQ7NI3KQHRZE2J2QOQQ?view=visitor,539765
https://www.amazon.com/profilewidget/bio/amzn1.account.AHQIQ3OUKRXEO6YWZ7FJYWJJWVMA?view=visitor,7885721
https://www.amazon.com/profilewidget/bio/amzn1.account.AFPTAANXVYS64TRCAKAYMYGICH2A?view=visitor,306030
https://www.amazon.com/profilewidget/bio/amzn1.account.AG26RYPA46KJ24ZES5BYTCGCVBHQ?view=visitor,7242304
https://www.amazon.com/profilewidget/bio/amzn1.account.AHD6OZZQSOTLAYG6BQSP3MZJHWVQ?view=visitor,206951
https://www.amazon.com/profilewidget/bio/amzn1.account.AGRKWDIE56XWXAGZ7TYMVGCJBGTQ?view=visitor,4295950
https://www.amazon.com/profilewidget/bio/amzn1.account.AF6H7GNWOHIL4BH7FIGTMEVWDPTQ?view=visitor,1538494
https://www.amazon.com/profilewidget/bio/amzn1.account.AEYRYDVRJ7LBQ5AYETCMZ4P6EW4Q?view=visitor,3350170
https://www.amazon.com/profilewidget/bio/amzn1.account.AF5SX3AKA3ZWOB7CREHW4QQEEVZA?view=visitor,70504
https://www.amazon.com/profilewidget/bio/amzn1.account.AGCBD6K4BFIDDOQS7SDRLY7YMQ7A?view=visitor,120306
https://www.amazon.com/profilewidget/bio/amzn1.account.AHH5FGBNSE6WZB6C3ORX5QKPC5PA?view=visitor,4883963
https://www.amazon.com/profilewidget/bio/amzn1.account.AFEBSEQ4P4NL2NXIHPFKF4OMOVEA?view=visitor,1190131
https://www.amazon.com/profilewidget/bio/amzn1.account.AEEYCKYF5LY6CZG2HYYAM2DECISA?view=visitor,6462700
https://www.amazon.com/profilewidget/bio/amzn1.account.AGDTUTS3RGEH4PA3VIM6GTSOQK5A?view=visitor,1478602
https://www.amazon.com/profilewidget/bio/amzn1.account.AHKIEC3YY2ADJ7TT3B7247O7OAGQ?view=visitor,1351048
https://www.amazon.com/profilewidget/bio/amzn1.account.AHLFQF55IN357HGY5EEGHUS4KX2A?view=visitor,1590701
https://www.amazon.com/profilewidget/bio/amzn1.account.AG5CZOZGSPWXVKJUDXUOA3RVDWEQ?view=visitor,261397
https://www.amazon.com/profilewidget/bio/amzn1.account.AHH4LRYQJTBRXMVG6YTKA2U7DZRA?view=visitor,428805
https://www.amazon.com/profilewidget/bio/amzn1.account.AFIGQ76WSOOFL6UKIIB6YBYMHFJQ?view=visitor,863848
https://www.amazon.com/profilewidget/bio/amzn1.account.AHYO76I6A7VZQF5DA4O5QS4I4CDQ?view=visitor,136211
https://www.amazon.com/profilewidget/bio/amzn1.account.AHEEZFUJ2HEO4D2ZSOHRRLRGMM4A?view=visitor,400976
https://www.amazon.com/profilewidget/bio/amzn1.account.AHLQVH77SDWFTC3F5ME4N76GJDTA?view=visitor,10986
https://www.amazon.com/profilewidget/bio/amzn1.account.AHINDSEO2QXXEMDVMNS2CQLKYPQQ?view=visitor,4863961
https://www.amazon.com/profilewidget/bio/amzn1.account.AFGH4UBH4AIBRFZINBZYGJ5BY4RA?view=visitor,272731
https://www.amazon.com/profilewidget/bio/amzn1.account.AFUBHUITMCWJTUXLLXUJ4WBTFTSA?view=visitor,1222403
https://www.amazon.com/profilewidget/bio/amzn1.account.AHB2HG7ZFUK7ZMAY56ZWVV7BPOJA?view=visitor,187179
https://www.amazon.com/profilewidget/bio/amzn1.account.AG2BYHD26CSN2GGK6CNTKMZG2FVQ?view=visitor,981539
