helpful_votes,page_url,total_review,visibility_status
521,https://www.amazon.com/hz/gamification/api/contributor/dashboard/amzn1.account.AEAA22QSRITESCES3PBUFICACVVA/,14,Public
436,https://www.amazon.com/hz/gamification/api/contributor/dashboard/amzn1.account.AFCXNZMADAPAVRAKNQ5ATIYHA3KA/,72,Public
474,https://www.amazon.com/hz/gamification/api/contributor/dashboard/amzn1.account.AH2XQHZJUZAU4PASJKFY5RXRKEEQ/,21,Public
282,https://www.amazon.com/hz/gamification/api/contributor/dashboard/amzn1.account.AFLTOR76CIKXLRFYEVYXSTPZRF5Q/,38,Public
225,https://www.amazon.com/hz/gamification/api/contributor/dashboard/amzn1.account.AHUAIISYQ6F5ZJCD3NTV2RZTRTHQ/,102,Public
183,https://www.amazon.com/hz/gamification/api/contributor/dashboard/amzn1.account.AFMRWBZLVZVVCOS5S6NO7PNTYYDA/,14,Public
2897,https://www.amazon.com/hz/gamification/api/contributor/dashboard/amzn1.account.AGLKXHSBETXCAPRDRZLJTDDEVRBQ/,2521,Public
194,https://www.amazon.com/hz/gamification/api/contributor/dashboard/amzn1.account.AEFJUKWS5G5TNLBCJ2SGA7ATJJPQ/,22,Public
96,https://www.amazon.com/hz/gamification/api/contributor/dashboard/amzn1.account.AGKUTQ5HV3XTUUXSR5AETTKX3F3Q/,30,Public
120,https://www.amazon.com/hz/gamification/api/contributor/dashboard/amzn1.account.AHZ3QYTPSX7MDCN4J6GLSUTJKVHA/,20,Public
117,https://www.amazon.com/hz/gamification/api/contributor/dashboard/amzn1.account.AFLPMNA2RRQJVJAEUK5FOUFNCQHQ/,44,Public
360,https://www.amazon.com/hz/gamification/api/contributor/dashboard/amzn1.account.AGGGN74KDBLOLPTC63JJXSM7YZYA/,172,Public
24,https://www.amazon.com/hz/gamification/api/contributor/dashboard/amzn1.account.AE7AYQIKNAWNG4X4VIESOE2ZKPVQ/,58,Public
402,https://www.amazon.com/hz/gamification/api/contributor/dashboard/amzn1.account.AGWHZAGY3ZOVYN6GCPTPDPVVKV5Q/,227,Public
190,https://www.amazon.com/hz/gamification/api/contributor/dashboard/amzn1.account.AFGH7I655WNQN6CH7JGFRLVTXSPA/,37,Public
10,https://www.amazon.com/hz/gamification/api/contributor/dashboard/amzn1.account.AFVSQENJYHY3MRVIAXXEQGMS7PVQ/,10,Public
10,https://www.amazon.com/hz/gamification/api/contributor/dashboard/amzn1.account.AEW6UHN5XSGFDXGIHTKZBC4FZLMA/,1,Public
85,https://www.amazon.com/hz/gamification/api/contributor/dashboard/amzn1.account.AHI6BFJGC6MS3LGTH77ZFMIGVGGQ/,69,Public
54,https://www.amazon.com/hz/gamification/api/contributor/dashboard/amzn1.account.AGKQBMMBMUMQRT6VROM24FA4FS5A/,108,Public
560,https://www.amazon.com/hz/gamification/api/contributor/dashboard/amzn1.account.AGW2IRGDKP2NDFEQDGDBA7DOE2CA/,52,Public
197,https://www.amazon.com/hz/gamification/api/contributor/dashboard/amzn1.account.AGLCV56URUGJT7OHFO6UOJXEU4UA/,65,Public
10,https://www.amazon.com/hz/gamification/api/contributor/dashboard/amzn1.account.AGKO24JKFWHDW6YPJBA4UXE3Z2IQ/,22,Public
91,https://www.amazon.com/hz/gamification/api/contributor/dashboard/amzn1.account.AFB643VOPHMAIS6FZ6IUAJYWAPQA/,53,Public
124,https://www.amazon.com/hz/gamification/api/contributor/dashboard/amzn1.account.AFLEKU7H7V5K3U77KMVGGHPPD4PA/,137,Public
112,https://www.amazon.com/hz/gamification/api/contributor/dashboard/amzn1.account.AGZFP3Z5GMVXKC5FG6HL2RADFWLA/,47,Public
22,https://www.amazon.com/hz/gamification/api/contributor/dashboard/amzn1.account.AELBVDHQT6GXAZKAJUKBLAH5PSWA/,40,Public
1996,https://www.amazon.com/hz/gamification/api/contributor/dashboard/amzn1.account.AEZYBNGU73EKE5LJ3G5KBDIS2R5Q/,70,Public
148,https://www.amazon.com/hz/gamification/api/contributor/dashboard/amzn1.account.AHPWGF3XWJGW5GX5NC65ZHHURJSQ/,46,Public
18,https://www.amazon.com/hz/gamification/api/contributor/dashboard/amzn1.account.AGVYTC7KVWSKA5KVQNHZ6LODPHPA/,56,Public
292,https://www.amazon.com/hz/gamification/api/contributor/dashboard/amzn1.account.AEBVKWRKWPBJYCMKHJOEJQV2YKQA/,176,Public
106,https://www.amazon.com/hz/gamification/api/contributor/dashboard/amzn1.account.AGDSNKSW3DQ3LOQTIBLAQR3DLYDA/,40,Public
7,https://www.amazon.com/hz/gamification/api/contributor/dashboard/amzn1.account.AHCRENUMUEU644AHCU4EALD56NUQ/,26,Public
133,https://www.amazon.com/hz/gamification/api/contributor/dashboard/amzn1.account.AH5Z3ZQCVAF4L7F6NSKKBXQBJTZA/,59,Public
15,https://www.amazon.com/hz/gamification/api/contributor/dashboard/amzn1.account.AHDLQGUL6A6OWGFFDMVTTQTCKXUA/,16,Public
342,https://www.amazon.com/hz/gamification/api/contributor/dashboard/amzn1.account.AHKZQPM7NCPSVAC2WXQFIRMGHJCA/,155,Public
407,https://www.amazon.com/hz/gamification/api/contributor/dashboard/amzn1.account.AFAJLWYKEZ4UTLCWVCVS5PHMG5IQ/,40,Public
12,https://www.amazon.com/hz/gamification/api/contributor/dashboard/amzn1.account.AFYJQRSLIXEFYA3YS652GE35NCFQ/,65,Public
19,https://www.amazon.com/hz/gamification/api/contributor/dashboard/amzn1.account.AECOAY3ZZYOGMQ7HWMFIRMH4V5HQ/,32,Public
1072,https://www.amazon.com/hz/gamification/api/contributor/dashboard/amzn1.account.AF47IWZCBWR42UQH2LUFQMAVZM7A/,119,Public
187,https://www.amazon.com/hz/gamification/api/contributor/dashboard/amzn1.account.AFVM4SFJXNIZKIQPRJV5FGBY7YKA/,53,Public
67,https://www.amazon.com/hz/gamification/api/contributor/dashboard/amzn1.account.AHVAYKIKY3JUCINTZOZF5QDYKQ3Q/,109,Public
127,https://www.amazon.com/hz/gamification/api/contributor/dashboard/amzn1.account.AFY3IVAYBE2LFPXNDNOSZ6Z7SUZQ/,52,Public
31,https://www.amazon.com/hz/gamification/api/contributor/dashboard/amzn1.account.AFTIIPKERX5HT5IJOBZBWRLSB6EQ/,18,Public
328,https://www.amazon.com/hz/gamification/api/contributor/dashboard/amzn1.account.AHERCQ5DBFURHO7RSRIIDLTQRVJQ/,156,Public
255,https://www.amazon.com/hz/gamification/api/contributor/dashboard/amzn1.account.AGOHR7ZBMRN3Q7EESRIXUEDZXOHQ/,40,Public
21,https://www.amazon.com/hz/gamification/api/contributor/dashboard/amzn1.account.AF3IUESH23GL2HOEDJWFPOQQMXSA/,48,Public
159,https://www.amazon.com/hz/gamification/api/contributor/dashboard/amzn1.account.AGCEDEVA5QVTUOUSNKCK34FBLZVA/,144,Public
517,https://www.amazon.com/hz/gamification/api/contributor/dashboard/amzn1.account.AGXOBZSXQPJGXPAHEMD5HWMXIT7Q/,214,Public
3,https://www.amazon.com/hz/gamification/api/contributor/dashboard/amzn1.account.AEK6WEFMUYQMMMMEMGITMT6NL24A/,4,Public
17580,https://www.amazon.com/hz/gamification/api/contributor/dashboard/amzn1.account.AETGSOE6YE5FT4H4FQHYEMUEJ4NA/,3922,Public
122,https://www.amazon.com/hz/gamification/api/contributor/dashboard/amzn1.account.AGZPW5PUVM3CNGLFITRFCKPZSTEQ/,51,Public
97,https://www.amazon.com/hz/gamification/api/contributor/dashboard/amzn1.account.AHOKUWW6RQEU563SJ3HS2GSESSHA/,60,Public
30,https://www.amazon.com/hz/gamification/api/contributor/dashboard/amzn1.account.AFZVRJ2XSJLOX3OXSA3JVBRH3RGQ/,39,Public
30,https://www.amazon.com/hz/gamification/api/contributor/dashboard/amzn1.account.AEI2KI4CSW4LFR4XL43COTGJXENA/,19,Public
58,https://www.amazon.com/hz/gamification/api/contributor/dashboard/amzn1.account.AEPOS3XRR2VGHU763B7K4MHAT4IQ/,75,Public
330,https://www.amazon.com/hz/gamification/api/contributor/dashboard/amzn1.account.AHP5LV3NL76VHS5WZGOTLDWM5XFA/,145,Public
7,https://www.amazon.com/hz/gamification/api/contributor/dashboard/amzn1.account.AFTQYBBJSZ7ZDVKLKSNVFW5AOYVQ/,5,Public
64,https://www.amazon.com/hz/gamification/api/contributor/dashboard/amzn1.account.AGCT6XUALUWOJDYX4EB4VH3F5LNQ/,153,Public
26,https://www.amazon.com/hz/gamification/api/contributor/dashboard/amzn1.account.AEV7QTL33Y2GEORY2R6JX222WEZQ/,98,Public
119,https://www.amazon.com/hz/gamification/api/contributor/dashboard/amzn1.account.AGMYSW4RJJNWJHJKJOPDQEBIBSUA/,74,Public
116,https://www.amazon.com/hz/gamification/api/contributor/dashboard/amzn1.account.AE3KLU2STX2RNJWM75QMTZM6KCTQ/,33,Public
628,https://www.amazon.com/hz/gamification/api/contributor/dashboard/amzn1.account.AF6VWYHPUYOKOKNW5ET3RUJ2PMVA/,201,Public
25,https://www.amazon.com/hz/gamification/api/contributor/dashboard/amzn1.account.AGOD3HGAZKMWJ72FI2PAKS334NRQ/,35,Public
70,https://www.amazon.com/hz/gamification/api/contributor/dashboard/amzn1.account.AEGLR5D3ABFXQTYX2YKTTFBOHBKQ/,25,Public
68,https://www.amazon.com/hz/gamification/api/contributor/dashboard/amzn1.account.AEJW4NCN5A7VEUVPZ6EXDUJ3GYYQ/,45,Public
4,https://www.amazon.com/hz/gamification/api/contributor/dashboard/amzn1.account.AG6XOHHIXAAY3PHQABVLIBA5CLZA/,8,Public
37,https://www.amazon.com/hz/gamification/api/contributor/dashboard/amzn1.account.AEWLLI635UIDDVCADL4MHHMNNFPA/,43,Public
10,https://www.amazon.com/hz/gamification/api/contributor/dashboard/amzn1.account.AEQKDV4XFCTTY46JSPWEHZDV2NHQ/,1,Public
61,https://www.amazon.com/hz/gamification/api/contributor/dashboard/amzn1.account.AGPORMCR2EDYZBYGS3NGJHPWAW2Q/,40,Public
20,https://www.amazon.com/hz/gamification/api/contributor/dashboard/amzn1.account.AHGZQ7E2KKY7HWTIIDXZXRGJCZZQ/,77,Public
41,https://www.amazon.com/hz/gamification/api/contributor/dashboard/amzn1.account.AFFITOTYGFHOVXX4COZITQSAFUBQ/,45,Public
12,https://www.amazon.com/hz/gamification/api/contributor/dashboard/amzn1.account.AEVBW557LDVTDKVGGXYSAKKFB6LQ/,5,Public
136,https://www.amazon.com/hz/gamification/api/contributor/dashboard/amzn1.account.AFQWACATM3AMKWVYRB6H6MTERRKQ/,42,Public
51,https://www.amazon.com/hz/gamification/api/contributor/dashboard/amzn1.account.AE62EODY5PYG3HA7XRVM5YAEMS4Q/,28,Public
114,https://www.amazon.com/hz/gamification/api/contributor/dashboard/amzn1.account.AFW73TPQIK7KQY6IHBG37BXOWITQ/,48,Public
251,https://www.amazon.com/hz/gamification/api/contributor/dashboard/amzn1.account.AEJPCTKTUGZAZFEZU7Y7HCTRPRKQ/,50,Public
7,https://www.amazon.com/hz/gamification/api/contributor/dashboard/amzn1.account.AH5PV6NYT66HIKAJH5W5I5YMAHPQ/,36,Public
16,https://www.amazon.com/hz/gamification/api/contributor/dashboard/amzn1.account.AGBQHLMU422FSE2SKLCBINQ4J5SQ/,17,Public
5,https://www.amazon.com/hz/gamification/api/contributor/dashboard/amzn1.account.AG75RHDE426LMH5BJNPFJ4FAJOAA/,7,Public
70,https://www.amazon.com/hz/gamification/api/contributor/dashboard/amzn1.account.AFWDAYPSXWPGWKHBNLDTCBJVJJ3Q/,78,Public
296,https://www.amazon.com/hz/gamification/api/contributor/dashboard/amzn1.account.AF5SO2O2246YM2O3BOMBETY5GNPQ/,41,Public
3,https://www.amazon.com/hz/gamification/api/contributor/dashboard/amzn1.account.AEP46HO7VOOKMB5JS7TDK7QCYJ4A/,19,Public
25,https://www.amazon.com/hz/gamification/api/contributor/dashboard/amzn1.account.AHV3WCDD3VYGAFP5WHWA2ZXT6CAA/,19,Public
183,https://www.amazon.com/hz/gamification/api/contributor/dashboard/amzn1.account.AEKDT2OXC3INN3PSTFD7RY5ZL3WA/,23,Public
14257,https://www.amazon.com/hz/gamification/api/contributor/dashboard/amzn1.account.AFP3AD7L3KWYHHQ4UQAIWJAZX7FQ/,1862,Public
53,https://www.amazon.com/hz/gamification/api/contributor/dashboard/amzn1.account.AEVTDT5KYSZTF7MR65NXCZXGRKEA/,18,Public
4,https://www.amazon.com/hz/gamification/api/contributor/dashboard/amzn1.account.AGGN3RV4T6P3VBK2LWHXBOTI4MAA/,16,Public
15,https://www.amazon.com/hz/gamification/api/contributor/dashboard/amzn1.account.AFAAQ4ANSVGI5QMWZ65XHYS5IH6A/,19,Public
3,https://www.amazon.com/hz/gamification/api/contributor/dashboard/amzn1.account.AHYWQBSHYF6WRLQE7YORR7EWMJKA/,11,Public
0,https://www.amazon.com/hz/gamification/api/contributor/dashboard/amzn1.account.AEEIRV6EN3MZORGWAJ4F63APB4YQ/,20,Public
88,https://www.amazon.com/hz/gamification/api/contributor/dashboard/amzn1.account.AG6HDTMFVHBOSX7MYQFZWEOBMVSQ/,25,Public
12,https://www.amazon.com/hz/gamification/api/contributor/dashboard/amzn1.account.AEJJRXEKRUWQUJ4346BHHIKYEHAA/,36,Public
1,https://www.amazon.com/hz/gamification/api/contributor/dashboard/amzn1.account.AHUHFNFWJQQOJ3WJU4ZUPNOJOYYQ/,4,Public
75,https://www.amazon.com/hz/gamification/api/contributor/dashboard/amzn1.account.AGYYS6GEGWW6O7EY4D6OTXW7EEDA/,109,Public
107,https://www.amazon.com/hz/gamification/api/contributor/dashboard/amzn1.account.AEWIEBW7FW5H2SBQEII2P642KWMA/,44,Public
31,https://www.amazon.com/hz/gamification/api/contributor/dashboard/amzn1.account.AGDOZX4GUOVECDW5Y4FSCMKBRFPQ/,15,Public
29,https://www.amazon.com/hz/gamification/api/contributor/dashboard/amzn1.account.AFA6BNLFL3HIGHNNDYNJKXDC4SJA/,36,Public
4,https://www.amazon.com/hz/gamification/api/contributor/dashboard/amzn1.account.AF4RQZ3MFYYMDCJZZRJYGSZWRXKQ/,6,Public
18,https://www.amazon.com/hz/gamification/api/contributor/dashboard/amzn1.account.AFI7IFTQQFPEUUDYS54NAATFUELA/,56,Public
13,https://www.amazon.com/hz/gamification/api/contributor/dashboard/amzn1.account.AHT22X5GWNB43SL5WSUEU5TBNEDQ/,52,Public
100,https://www.amazon.com/hz/gamification/api/contributor/dashboard/amzn1.account.AFUVDGZ6PHFZR5KOB6GJZIBMSTBQ/,14,Public
62,https://www.amazon.com/hz/gamification/api/contributor/dashboard/amzn1.account.AGHCMZ3WNFEBSOQH5A3F77GDRXSA/,23,Public
733,https://www.amazon.com/hz/gamification/api/contributor/dashboard/amzn1.account.AEO35RO4OGIKXNTOWHLXUP5CGWPA/,489,Public
23,https://www.amazon.com/hz/gamification/api/contributor/dashboard/amzn1.account.AFYPAOXLDXMJ2NWELVI3XN3KNPWA/,32,Public
24,https://www.amazon.com/hz/gamification/api/contributor/dashboard/amzn1.account.AFC7RFMWSUELS5UXWG765Q4NVILA/,14,Public
2,https://www.amazon.com/hz/gamification/api/contributor/dashboard/amzn1.account.AFKRZNTKJEWOPKUW2I67FCTMYQSA/,2,Public
10,https://www.amazon.com/hz/gamification/api/contributor/dashboard/amzn1.account.AFXXTUZNWOFYILQE3BD3Q5AYJSBQ/,14,Public
32,https://www.amazon.com/hz/gamification/api/contributor/dashboard/amzn1.account.AGAO5KZVJPYHGKOWCR7A7SI3GOBQ/,19,Public
44,https://www.amazon.com/hz/gamification/api/contributor/dashboard/amzn1.account.AH7YJIFL4R6X4CTGTQL26Q5TOJNA/,35,Public
10,https://www.amazon.com/hz/gamification/api/contributor/dashboard/amzn1.account.AGOQQZLMTLRHNLEJLTQQ7HNZXGFQ/,28,Public
51,https://www.amazon.com/hz/gamification/api/contributor/dashboard/amzn1.account.AH4G5VQJ6VIYYMILG2IYNMLDRTLQ/,26,Public
19,https://www.amazon.com/hz/gamification/api/contributor/dashboard/amzn1.account.AFTX4LABJM6XL3K7BE4S3DJWG6UQ/,23,Public
34,https://www.amazon.com/hz/gamification/api/contributor/dashboard/amzn1.account.AG2Y4P33O46ZJAUP7IVA626DB5TQ/,9,Public
8,https://www.amazon.com/hz/gamification/api/contributor/dashboard/amzn1.account.AED72AHNIHKHOTPDEZR6KDALZUEQ/,12,Public
27,https://www.amazon.com/hz/gamification/api/contributor/dashboard/amzn1.account.AGC6NV5FKUAYDU2NCSB46QPUHLYA/,38,Public
9,https://www.amazon.com/hz/gamification/api/contributor/dashboard/amzn1.account.AGVT74INNJFZ4X4D5CSBRNHYS6UQ/,31,Public
35,https://www.amazon.com/hz/gamification/api/contributor/dashboard/amzn1.account.AHRL24ZAIRFB3M57CBZ3N7W57JNA/,52,Public
22,https://www.amazon.com/hz/gamification/api/contributor/dashboard/amzn1.account.AHM4OY6EZH3TJRFE6S5RS43YJIWQ/,17,Public
76,https://www.amazon.com/hz/gamification/api/contributor/dashboard/amzn1.account.AFBYTHYKMSS24KHJCZQ6A74VVUKQ/,40,Public
290,https://www.amazon.com/hz/gamification/api/contributor/dashboard/amzn1.account.AEUJ3FOUSGG2XIDTPMGI2SHTYYEQ/,151,Public
6,https://www.amazon.com/hz/gamification/api/contributor/dashboard/amzn1.account.AGNU2S2LERET3LS4BXYMGAEULD7Q/,29,Public
2,https://www.amazon.com/hz/gamification/api/contributor/dashboard/amzn1.account.AHMW4TQUY4MRSHDGCOFGU4J7DFZQ/,29,Public
33,https://www.amazon.com/hz/gamification/api/contributor/dashboard/amzn1.account.AFJFJL22H5N6Q4KRYDY7ETA53QBQ/,35,Public
15,https://www.amazon.com/hz/gamification/api/contributor/dashboard/amzn1.account.AFMRKWXFDFJ5RWNZZWHLPPG3E5SQ/,44,Public
962,https://www.amazon.com/hz/gamification/api/contributor/dashboard/amzn1.account.AH7CNOTVWBHDXXHOSXP7LSJ6ZGEQ/,555,Public
5,https://www.amazon.com/hz/gamification/api/contributor/dashboard/amzn1.account.AGZ3OUTTQME7TS3RF24O7STSRLWA/,3,Public
275,https://www.amazon.com/hz/gamification/api/contributor/dashboard/amzn1.account.AEBMMFMNDOYG2W6QSGQ5JNHE5EFQ/,120,Public
12,https://www.amazon.com/hz/gamification/api/contributor/dashboard/amzn1.account.AFHHWQ6GTXQYO65X3RMQJC3FEEQQ/,9,Public
2,https://www.amazon.com/hz/gamification/api/contributor/dashboard/amzn1.account.AEJNCN453YDPKFDIU47DHPKT6TSQ/,13,Public
31,https://www.amazon.com/hz/gamification/api/contributor/dashboard/amzn1.account.AFUR3WGMMIJWM3OWLVSVVEWLOXXQ/,8,Public
121,https://www.amazon.com/hz/gamification/api/contributor/dashboard/amzn1.account.AGNX234C4FJBGKGZRDLTY3YJJHLA/,53,Public
20,https://www.amazon.com/hz/gamification/api/contributor/dashboard/amzn1.account.AGSED7QRFLVWSJ5MQ6LU2WQV4U4Q/,44,Public
0,https://www.amazon.com/hz/gamification/api/contributor/dashboard/amzn1.account.AEAS2IVH7BB5PQUUFHMUAARCYIJQ/,7,Public
9,https://www.amazon.com/hz/gamification/api/contributor/dashboard/amzn1.account.AHO7V6LBMOITLHH37SO2NTXMEK4A/,9,Public
167,https://www.amazon.com/hz/gamification/api/contributor/dashboard/amzn1.account.AGR45SB3JPAVCWB2QZ53W5LDAEXQ/,21,Public
1,https://www.amazon.com/hz/gamification/api/contributor/dashboard/amzn1.account.AHKVBY3QNHAFJPKRCFKEGYGYDQAQ/,2,Public
0,https://www.amazon.com/hz/gamification/api/contributor/dashboard/amzn1.account.AFQHQ34AIQ3NMJWFQGE5MGUWBECA/,11,Public
60,https://www.amazon.com/hz/gamification/api/contributor/dashboard/amzn1.account.AGJB6SAWLT4UPEJJGFA6DMSXEDTQ/,44,Public
192,https://www.amazon.com/hz/gamification/api/contributor/dashboard/amzn1.account.AHHGFNCZURQL73L746AKZFWPJVXQ/,161,Public
4,https://www.amazon.com/hz/gamification/api/contributor/dashboard/amzn1.account.AER2WXYDHWNN3WJQGTNOGTPO6AIA/,8,Public
38,https://www.amazon.com/hz/gamification/api/contributor/dashboard/amzn1.account.AHXOGGSXYWFBONRGL5XYLZQNB5ZQ/,23,Public
61,https://www.amazon.com/hz/gamification/api/contributor/dashboard/amzn1.account.AHXAWVSZQ6HJHZCKUIXD2EAXWKJQ/,63,Public
139,https://www.amazon.com/hz/gamification/api/contributor/dashboard/amzn1.account.AG2DUAF5DJOXWLAUGYVARSLJDCKA/,138,Public
13,https://www.amazon.com/hz/gamification/api/contributor/dashboard/amzn1.account.AH4LHJ36QA3XMOLNASQX7FA6BNEQ/,30,Public
11,https://www.amazon.com/hz/gamification/api/contributor/dashboard/amzn1.account.AE2BLR3AUSPVMUCD56FFCBEWDSVQ/,17,Public
2,https://www.amazon.com/hz/gamification/api/contributor/dashboard/amzn1.account.AG2S45MXIRDRESGADJG3TVF2SFLQ/,10,Public
21,https://www.amazon.com/hz/gamification/api/contributor/dashboard/amzn1.account.AFCLPSBS7G62RO5QO4RR7R7T75WA/,31,Public
0,https://www.amazon.com/hz/gamification/api/contributor/dashboard/amzn1.account.AGPD55BLODPSM56JYB5FVJM3BDEQ/,2,Public
1,https://www.amazon.com/hz/gamification/api/contributor/dashboard/amzn1.account.AEOXWWKIBSPG65JENCCX3FRWAD6Q/,6,Public
5,https://www.amazon.com/hz/gamification/api/contributor/dashboard/amzn1.account.AGGMVAS7UKTG3HOC5PPL3INITZSA/,5,Public
30,https://www.amazon.com/hz/gamification/api/contributor/dashboard/amzn1.account.AGRVEGEYOMC5HP7VUII7RINWS2IA/,22,Public
52,https://www.amazon.com/hz/gamification/api/contributor/dashboard/amzn1.account.AGFGKBNSRAZRBEJEU6N3KT45B2CA/,36,Public
16,https://www.amazon.com/hz/gamification/api/contributor/dashboard/amzn1.account.AE5V6YU3VVEAUB2XMPGHL57JACSA/,40,Public
15,https://www.amazon.com/hz/gamification/api/contributor/dashboard/amzn1.account.AE2LR5WAI2DLIDPODEKPLUZJGKPA/,16,Public
0,https://www.amazon.com/hz/gamification/api/contributor/dashboard/amzn1.account.AGWYAGZUASTLCQTYCUYQAMPV3ZIQ/,2,Public
6,https://www.amazon.com/hz/gamification/api/contributor/dashboard/amzn1.account.AFZYRG5TAT4DQTPTUD6GWRKENDSQ/,14,Public
8,https://www.amazon.com/hz/gamification/api/contributor/dashboard/amzn1.account.AHBYXCBOR2AWVPQDL3VRC2BF5J5Q/,15,Public
33,https://www.amazon.com/hz/gamification/api/contributor/dashboard/amzn1.account.AE66XCZNSHSM2VT3M54W5ZTXFDHQ/,42,Public
3,https://www.amazon.com/hz/gamification/api/contributor/dashboard/amzn1.account.AGQXRP7JJTVY3DR7XEJ5SADT4IXQ/,26,Public
11,https://www.amazon.com/hz/gamification/api/contributor/dashboard/amzn1.account.AHRANNJIHUHAIOGMXH5POBN2QKCQ/,21,Public
2,https://www.amazon.com/hz/gamification/api/contributor/dashboard/amzn1.account.AHQG7BU3XW5TOY37GAYUSHDXOOCQ/,1,Public
6,https://www.amazon.com/hz/gamification/api/contributor/dashboard/amzn1.account.AGHVUWUP2LDJLGOOWRIXTVN2AHNQ/,10,Public
3,https://www.amazon.com/hz/gamification/api/contributor/dashboard/amzn1.account.AFJDMG5LMGN2ODR2DEKCT2MY4THA/,8,Public
82,https://www.amazon.com/hz/gamification/api/contributor/dashboard/amzn1.account.AE6C2OMA4JMNJXX7VGDZG2YE5AMA/,141,Public
11,https://www.amazon.com/hz/gamification/api/contributor/dashboard/amzn1.account.AGED45S7YDMPISCGES7CVKFTEO3A/,38,Public
60,https://www.amazon.com/hz/gamification/api/contributor/dashboard/amzn1.account.AHCFQMCSPGNAJAAAF7BA2TCBCLLQ/,36,Public
2,https://www.amazon.com/hz/gamification/api/contributor/dashboard/amzn1.account.AF5XMU7IVMAZCMFCW3GE34Q4TQMQ/,3,Public
2,https://www.amazon.com/hz/gamification/api/contributor/dashboard/amzn1.account.AFGH553Q5N5V2ZWFXKH7EW6KKZUQ/,3,Public
82,https://www.amazon.com/hz/gamification/api/contributor/dashboard/amzn1.account.AFCGPMPIST35WUNPC4F2KUUQ34SQ/,42,Public
7,https://www.amazon.com/hz/gamification/api/contributor/dashboard/amzn1.account.AE5PAHCVFKPQU75NINP542LTAFDA/,23,Public
2,https://www.amazon.com/hz/gamification/api/contributor/dashboard/amzn1.account.AEFEPBOXPULSP3DYHDFR3ZMDEIXQ/,5,Public
5,https://www.amazon.com/hz/gamification/api/contributor/dashboard/amzn1.account.AFEVC66TJE7IJJDY3GV7UT2PNAVQ/,17,Public
68,https://www.amazon.com/hz/gamification/api/contributor/dashboard/amzn1.account.AHP2C5MV6NH6GFNOIUGSAS756UUA/,61,Public
32,https://www.amazon.com/hz/gamification/api/contributor/dashboard/amzn1.account.AG3AX7QLMULVQ7H6PS5DUDQZJX5A/,32,Public
4,https://www.amazon.com/hz/gamification/api/contributor/dashboard/amzn1.account.AENH5Z77FW3NDFATL4KYIXE72MGQ/,17,Public
23,https://www.amazon.com/hz/gamification/api/contributor/dashboard/amzn1.account.AF3Q2ZXSLNQPPQL3VO2MMV7FY7DQ/,22,Public
0,https://www.amazon.com/hz/gamification/api/contributor/dashboard/amzn1.account.AHDHNJUO5JJVXBM7WQJMNOAWMN4Q/,2,Public
47,https://www.amazon.com/hz/gamification/api/contributor/dashboard/amzn1.account.AFW7KLODW4SQYL37MMHZGKIZSSFQ/,32,Public
,,,
2,https://www.amazon.com/hz/gamification/api/contributor/dashboard/amzn1.account.AGZ7357QXPTZEII3POYBTMWCWQ2Q/,12,Public
53,https://www.amazon.com/hz/gamification/api/contributor/dashboard/amzn1.account.AEUUMWKTNIK2JJJSY32G6MNU45OQ/,63,Public
0,https://www.amazon.com/hz/gamification/api/contributor/dashboard/amzn1.account.AGFRAGPUBFVANHMQ2WYFYO6XAOFQ/,2,Public
5,https://www.amazon.com/hz/gamification/api/contributor/dashboard/amzn1.account.AE26WDWNEDLOXRWZWGWSSZIEE4WQ/,12,Public
15,https://www.amazon.com/hz/gamification/api/contributor/dashboard/amzn1.account.AHXJJ6O4QD3DGMIPOK3QL7MBIYSA/,8,Public
8,https://www.amazon.com/hz/gamification/api/contributor/dashboard/amzn1.account.AH25N6VJ5YJ5Y64KZUH2O6IDSUUA/,23,Public
0,https://www.amazon.com/hz/gamification/api/contributor/dashboard/amzn1.account.AGPG5V77S5GBJXQS2DINC5A5426Q/,1,Public
353,https://www.amazon.com/hz/gamification/api/contributor/dashboard/amzn1.account.AEIGFGFQCV22654ESU5PVD2IL5TQ/,27,Public
4,https://www.amazon.com/hz/gamification/api/contributor/dashboard/amzn1.account.AGFX4634TXDP7LF4F5NBVWZDPGEQ/,14,Public
11,https://www.amazon.com/hz/gamification/api/contributor/dashboard/amzn1.account.AGGGNDDMDE6ZFFCYBQ6I4PBIEP3Q/,77,Public
2,https://www.amazon.com/hz/gamification/api/contributor/dashboard/amzn1.account.AFR2PRQOK6OBXQTFSCJRBPOKPTNA/,8,Public
12,https://www.amazon.com/hz/gamification/api/contributor/dashboard/amzn1.account.AG4TO3KSGRYBKJ7MLKN6MNJP35ZQ/,34,Public
19,https://www.amazon.com/hz/gamification/api/contributor/dashboard/amzn1.account.AFBVVU3ZOW2OHLCMZK73EKMKXYMA/,33,Public
37,https://www.amazon.com/hz/gamification/api/contributor/dashboard/amzn1.account.AHWRVTGTLWS4KUJDSL5CWHZ3RYZQ/,46,Public
0,https://www.amazon.com/hz/gamification/api/contributor/dashboard/amzn1.account.AEVCBZYVGPHABZBAK4OPLG43YSNQ/,1,Public
9,https://www.amazon.com/hz/gamification/api/contributor/dashboard/amzn1.account.AH7EMNMJHO7PXVBCJN2C3OIM7XMA/,33,Public
202,https://www.amazon.com/hz/gamification/api/contributor/dashboard/amzn1.account.AFTOCNOJ27HOJHZPJASMNOAKHIPQ/,126,Public
279,https://www.amazon.com/hz/gamification/api/contributor/dashboard/amzn1.account.AHQOOTVWTCHHF6YQXVZCVMNLYY4A/,87,Public
2,https://www.amazon.com/hz/gamification/api/contributor/dashboard/amzn1.account.AHVYS7BKJNHLH6G3BB4ZRK6HEEAA/,10,Public
9,https://www.amazon.com/hz/gamification/api/contributor/dashboard/amzn1.account.AHPSTUUCVB34UWIVAELZVJYMX7ZA/,28,Public
97,https://www.amazon.com/hz/gamification/api/contributor/dashboard/amzn1.account.AFOEARBVVMN4Y452QWDLXINSU2ZA/,33,Public
91,https://www.amazon.com/hz/gamification/api/contributor/dashboard/amzn1.account.AHFDVITCOSRPCMKEACANECRDHWGA/,43,Public
0,https://www.amazon.com/hz/gamification/api/contributor/dashboard/amzn1.account.AF3LPURLCFXMPPNEKDLL565ZXXSA/,15,Public
3,https://www.amazon.com/hz/gamification/api/contributor/dashboard/amzn1.account.AE7663ZZMAFTYHO364GHROFM63UA/,5,Public
106,https://www.amazon.com/hz/gamification/api/contributor/dashboard/amzn1.account.AGFGGPYM3VSNAJLVLCKKN4GJMF4Q/,80,Public
68,https://www.amazon.com/hz/gamification/api/contributor/dashboard/amzn1.account.AG6ZNI3M2BZX3YMTF2ASUMQQSBBQ/,31,Public
20,https://www.amazon.com/hz/gamification/api/contributor/dashboard/amzn1.account.AHHPIVGB6FQIPIUNTEDQMVDJZHRQ/,28,Public
12,https://www.amazon.com/hz/gamification/api/contributor/dashboard/amzn1.account.AHXAUR2MY6X7SOM2MDACJ7STNYHA/,14,Public
17,https://www.amazon.com/hz/gamification/api/contributor/dashboard/amzn1.account.AFBUILZNUWBXIEG6GMGLGRCA7XOA/,14,Public
24,https://www.amazon.com/hz/gamification/api/contributor/dashboard/amzn1.account.AFT342PA7VBXAWTIPQQDCCWO46KA/,62,Public
3,https://www.amazon.com/hz/gamification/api/contributor/dashboard/amzn1.account.AF3PM3FYLABRKD74TJP75ZLNNSWQ/,7,Public
1,https://www.amazon.com/hz/gamification/api/contributor/dashboard/amzn1.account.AGYL4PBRP3ANA2OXYSKKHXCHR27A/,11,Public
0,https://www.amazon.com/hz/gamification/api/contributor/dashboard/amzn1.account.AFIDXL5TE7K2MSVT5ZRGQWPM6S5A/,3,Public
12,https://www.amazon.com/hz/gamification/api/contributor/dashboard/amzn1.account.AGX2K2QZNHBATRJV634Y64HEXZ6A/,28,Public
38,https://www.amazon.com/hz/gamification/api/contributor/dashboard/amzn1.account.AGAUNZLQRC4PRZIJA5TQDUVG332A/,76,Public
4,https://www.amazon.com/hz/gamification/api/contributor/dashboard/amzn1.account.AHKVBQ7AEI5MQJXZBSHULMZQRZKQ/,16,Public
15,https://www.amazon.com/hz/gamification/api/contributor/dashboard/amzn1.account.AG2OAPRVHHFYPC6OCSTAJNIHQ5KA/,27,Public
9,https://www.amazon.com/hz/gamification/api/contributor/dashboard/amzn1.account.AHYNF2MAJYCLK2AP5EDNKTICIFDQ/,17,Public
2,https://www.amazon.com/hz/gamification/api/contributor/dashboard/amzn1.account.AEUHXBEJYWXY2JY5BLSZPD43JU5Q/,3,Public
0,https://www.amazon.com/hz/gamification/api/contributor/dashboard/amzn1.account.AENGA6EZX77VRJGEIX2HE6J3BQ2Q/,10,Public
0,https://www.amazon.com/hz/gamification/api/contributor/dashboard/amzn1.account.AFFSQOMEIMU4R3QZFSKWFRGM4UGA/,1,Public
0,https://www.amazon.com/hz/gamification/api/contributor/dashboard/amzn1.account.AFSIGTTZLRUSO5JQ5K7M4VH42GJQ/,1,Public
71,https://www.amazon.com/hz/gamification/api/contributor/dashboard/amzn1.account.AFOAGBLIWPQQQ5FILZHWVOULKC7A/,49,Public
61,https://www.amazon.com/hz/gamification/api/contributor/dashboard/amzn1.account.AGKQSF4RUTHDCQQLHP66RKPGXCRQ/,114,Public
6,https://www.amazon.com/hz/gamification/api/contributor/dashboard/amzn1.account.AFYSX6KD53FN6QN67VHRAQWF55SA/,11,Public
329,https://www.amazon.com/hz/gamification/api/contributor/dashboard/amzn1.account.AEFZQCIJEFJ7754R7EVFG6FGUA5Q/,58,Public
1,https://www.amazon.com/hz/gamification/api/contributor/dashboard/amzn1.account.AHP6GGUYSVRO2VY7RYAXLHU4A26Q/,10,Public
129,https://www.amazon.com/hz/gamification/api/contributor/dashboard/amzn1.account.AGPIAXHTUCIKD6LO2CFP46JPTDYQ/,93,Public
5,https://www.amazon.com/hz/gamification/api/contributor/dashboard/amzn1.account.AGDI3H3KMUM2KVTSL2WM6BZANNIA/,16,Public
51,https://www.amazon.com/hz/gamification/api/contributor/dashboard/amzn1.account.AERULHED5T37LSWIEXE4U7IXCXOQ/,32,Public
3,https://www.amazon.com/hz/gamification/api/contributor/dashboard/amzn1.account.AEPOMPGCU4JVCOK7NTXETPNYK2CQ/,4,Public
5,https://www.amazon.com/hz/gamification/api/contributor/dashboard/amzn1.account.AEYQ5F6RUPTRNVSLM45HZTYN5CXQ/,24,Public
0,https://www.amazon.com/hz/gamification/api/contributor/dashboard/amzn1.account.AGOM36EIS3WGDA44EAHRICUSD6SQ/,37,Public
6,https://www.amazon.com/hz/gamification/api/contributor/dashboard/amzn1.account.AESURKKBFDPLKZ6ND6ZODVGAR4CQ/,18,Public
16,https://www.amazon.com/hz/gamification/api/contributor/dashboard/amzn1.account.AHLX7RLUGAW5TVTAAMNVRYXRXXGA/,44,Public
5,https://www.amazon.com/hz/gamification/api/contributor/dashboard/amzn1.account.AG7PTTGUMDYLX3UACZEXI4PZNHCA/,12,Public
3,https://www.amazon.com/hz/gamification/api/contributor/dashboard/amzn1.account.AHMP7K4OWY7RDYQDN4IOKKZBEPRQ/,10,Public
198,https://www.amazon.com/hz/gamification/api/contributor/dashboard/amzn1.account.AHPWLKGGDNGCSR3PJXDXIDMEGVWQ/,58,Public
40,https://www.amazon.com/hz/gamification/api/contributor/dashboard/amzn1.account.AE45VYGYXD7JPQDIQYRGLESJR4FA/,18,Public
38,https://www.amazon.com/hz/gamification/api/contributor/dashboard/amzn1.account.AHI3XN7FP7YFZV5QNCYEFDYY3GEA/,20,Public
36,https://www.amazon.com/hz/gamification/api/contributor/dashboard/amzn1.account.AH3TKE7ZU4SD4PWEEQ6CSHV2OIMQ/,28,Public
4,https://www.amazon.com/hz/gamification/api/contributor/dashboard/amzn1.account.AFISZ3UVUTTDMYPYV2FE25N42MVQ/,21,Public
18,https://www.amazon.com/hz/gamification/api/contributor/dashboard/amzn1.account.AEOELNEX2A4JTSFRSTJAQKY7FCFA/,54,Public
14,https://www.amazon.com/hz/gamification/api/contributor/dashboard/amzn1.account.AHDGVYTAFGKCMZZA4LGFQKD5W33A/,16,Public
299,https://www.amazon.com/hz/gamification/api/contributor/dashboard/amzn1.account.AF2VOI3DGXPEPLTEQMD4JEAWXP3A/,224,Public
19,https://www.amazon.com/hz/gamification/api/contributor/dashboard/amzn1.account.AHQG2YPT2TGQEZZVG2JKRUBMRABA/,22,Public
3,https://www.amazon.com/hz/gamification/api/contributor/dashboard/amzn1.account.AGSRZIKW2SMEZRKMTVVL2MN7BYWQ/,6,Public
45,https://www.amazon.com/hz/gamification/api/contributor/dashboard/amzn1.account.AHROUCIHDPTOLQZ64HSZK5EGTUZQ/,24,Public
11,https://www.amazon.com/hz/gamification/api/contributor/dashboard/amzn1.account.AFQMISOREXLA7KPHWSVPHDBFWOSA/,8,Public
9,https://www.amazon.com/hz/gamification/api/contributor/dashboard/amzn1.account.AFILTJIMZJOL6BRQBSGEAB5QBJ7A/,17,Public
2,https://www.amazon.com/hz/gamification/api/contributor/dashboard/amzn1.account.AHRKG75ZUK3ATE2TCPO5NT2LXBEQ/,13,Public
1,https://www.amazon.com/hz/gamification/api/contributor/dashboard/amzn1.account.AGPWAO26Q4SQ7PO72Z6VFQPD6LGA/,4,Public
189,https://www.amazon.com/hz/gamification/api/contributor/dashboard/amzn1.account.AH56E6GQ62JPY4XOLHZNO7YBVHNQ/,53,Public
6,https://www.amazon.com/hz/gamification/api/contributor/dashboard/amzn1.account.AG6VRN63D4LXVLQPLVJFCNECXH6A/,25,Public
0,https://www.amazon.com/hz/gamification/api/contributor/dashboard/amzn1.account.AE3WMC4C4LMXLMJDGFQEROLWUBCA/,6,Public
0,https://www.amazon.com/hz/gamification/api/contributor/dashboard/amzn1.account.AHM2HBMVW36GRAPJ2ZS2FGJ3DMZA/,1,Public
62,https://www.amazon.com/hz/gamification/api/contributor/dashboard/amzn1.account.AGH63SRINPKEGJ3CVLRCDUCY7ETA/,104,Public
1,https://www.amazon.com/hz/gamification/api/contributor/dashboard/amzn1.account.AHK2HR3LDVRKL7XCSMI4AMS5MFPQ/,31,Public
0,https://www.amazon.com/hz/gamification/api/contributor/dashboard/amzn1.account.AEFUCZCVVIH67CY5HPRIPEAWWSCQ/,7,Public
12,https://www.amazon.com/hz/gamification/api/contributor/dashboard/amzn1.account.AHD4EMGTSLEO2XYPNBVM5BCW67GQ/,31,Public
41,https://www.amazon.com/hz/gamification/api/contributor/dashboard/amzn1.account.AFAVXYV5W5OYNOJMOUNYBHPNGTYA/,47,Public
2,https://www.amazon.com/hz/gamification/api/contributor/dashboard/amzn1.account.AFYEPLQ3GCQWPX42EGSZB6V6ZV2Q/,30,Public
8,https://www.amazon.com/hz/gamification/api/contributor/dashboard/amzn1.account.AHU3MX4FMFAW4ZMRQVDGNYQBDOGA/,3,Public
7,https://www.amazon.com/hz/gamification/api/contributor/dashboard/amzn1.account.AFHMLY4B22NFRPTJJ5QIST3ZNCGQ/,4,Public
25,https://www.amazon.com/hz/gamification/api/contributor/dashboard/amzn1.account.AFJCVOVHHY5LRHT2PA24D6SOFXZA/,26,Public
5,https://www.amazon.com/hz/gamification/api/contributor/dashboard/amzn1.account.AFSTMRL2XPBNSDDJVKXCD7P4MNBQ/,7,Public
96,https://www.amazon.com/hz/gamification/api/contributor/dashboard/amzn1.account.AHERSFOAPCJYCX4HD7S44UAQ5RHQ/,63,Public
88,https://www.amazon.com/hz/gamification/api/contributor/dashboard/amzn1.account.AGCQGEYVRPO5DUQKYBJIHQLWV4PQ/,43,Public
6,https://www.amazon.com/hz/gamification/api/contributor/dashboard/amzn1.account.AHP3IB62NF5EYJHGWYKJQZ256PAA/,14,Public
8,https://www.amazon.com/hz/gamification/api/contributor/dashboard/amzn1.account.AHTIPCL7ZLTU3LMKUXRSLN6OQJIQ/,11,Public
17,https://www.amazon.com/hz/gamification/api/contributor/dashboard/amzn1.account.AGUARTH4OAP7CSVGBVUDLNZHNQVQ/,11,Public
14,https://www.amazon.com/hz/gamification/api/contributor/dashboard/amzn1.account.AFILLYGZHVSFOGMT3CO5TA4S6V5A/,11,Public
8,https://www.amazon.com/hz/gamification/api/contributor/dashboard/amzn1.account.AHA2GHOFWSY4XIF2NIRQYIV5SLUA/,14,Public
15,https://www.amazon.com/hz/gamification/api/contributor/dashboard/amzn1.account.AHAS55BELHRRZEP2KYBGRHRBM45A/,18,Public
5,https://www.amazon.com/hz/gamification/api/contributor/dashboard/amzn1.account.AGDYHXEJGC3VLG46V3PSBF4UYMIA/,9,Public
34,https://www.amazon.com/hz/gamification/api/contributor/dashboard/amzn1.account.AFC7MJIBVD2RWSNHPYUXT35DKP3Q/,64,Public
7,https://www.amazon.com/hz/gamification/api/contributor/dashboard/amzn1.account.AHNOI5DW3KQ2Y3ESLPK5ORQABUKA/,13,Public
12,https://www.amazon.com/hz/gamification/api/contributor/dashboard/amzn1.account.AH5ATUZTI7HIOE7WZ7MDKDJQDRMQ/,8,Public
4,https://www.amazon.com/hz/gamification/api/contributor/dashboard/amzn1.account.AGYQQR2AABD4WFLAKR4SAQR5EFFA/,8,Public
5,https://www.amazon.com/hz/gamification/api/contributor/dashboard/amzn1.account.AEEP3KCZK4P45LDT2LVXOWU4JDBA/,8,Public
45,https://www.amazon.com/hz/gamification/api/contributor/dashboard/amzn1.account.AEZIDFQYZT6TDSUM4FFG3LSVGX5Q/,25,Public
0,https://www.amazon.com/hz/gamification/api/contributor/dashboard/amzn1.account.AG2Q4ILBB5D6TWPYTGUPJL72G2LQ/,7,Public
70,https://www.amazon.com/hz/gamification/api/contributor/dashboard/amzn1.account.AF65BMCEAI74HUGISQVL6UAD2XAA/,66,Public
5,https://www.amazon.com/hz/gamification/api/contributor/dashboard/amzn1.account.AFKSTT4NFJ5K3BTMLMKOOSKU3EXA/,9,Public
63,https://www.amazon.com/hz/gamification/api/contributor/dashboard/amzn1.account.AFTH65DDGT6W3T5H2HNVX6ZVYLFA/,78,Public
6,https://www.amazon.com/hz/gamification/api/contributor/dashboard/amzn1.account.AGPUWOVVL2MNT6GZMZTNPV3T4D2A/,31,Public
11,https://www.amazon.com/hz/gamification/api/contributor/dashboard/amzn1.account.AFUZEBMMPZRANRB4E24EO5ZESKAA/,39,Public
5,https://www.amazon.com/hz/gamification/api/contributor/dashboard/amzn1.account.AG75GCOE7TCJH6UHDEGL2X5DWCJA/,14,Public
2,https://www.amazon.com/hz/gamification/api/contributor/dashboard/amzn1.account.AF57ERF37SHIGV3OP37GNKJCB4KA/,24,Public
100,https://www.amazon.com/hz/gamification/api/contributor/dashboard/amzn1.account.AGRZRGBNMRV7GZVE6OANSPQXHNOA/,45,Public
0,https://www.amazon.com/hz/gamification/api/contributor/dashboard/amzn1.account.AGB4RBIQROPUSPKR3XLKZHJWDHYQ/,2,Public
11,https://www.amazon.com/hz/gamification/api/contributor/dashboard/amzn1.account.AFM7BSGHOGJDHPYS3ENI4RYAPHPQ/,30,Public
1,https://www.amazon.com/hz/gamification/api/contributor/dashboard/amzn1.account.AGPLPSYLEHLIJA3HXB2HLUWU3IXQ/,4,Public
20,https://www.amazon.com/hz/gamification/api/contributor/dashboard/amzn1.account.AE6DUEH3G3BUQBMIVLKA4BA3WEUA/,27,Public
0,https://www.amazon.com/hz/gamification/api/contributor/dashboard/amzn1.account.AF5FHAJ4BJBSI4I5U62TBQMWXHBA/,8,Public
0,https://www.amazon.com/hz/gamification/api/contributor/dashboard/amzn1.account.AEO6CHRXNQAKZ2Q4UZMIW6AO7TNQ/,13,Public
0,https://www.amazon.com/hz/gamification/api/contributor/dashboard/amzn1.account.AE4FDWTEWP4AND6PSSTVWKLXZFHA/,4,Public
2,https://www.amazon.com/hz/gamification/api/contributor/dashboard/amzn1.account.AH3XHKCO7GMU4CBMH5JAJW5NVURA/,25,Public
1,https://www.amazon.com/hz/gamification/api/contributor/dashboard/amzn1.account.AH7BAUHUT7KNP3WFEG6BRKPADB7A/,8,Public
1,https://www.amazon.com/hz/gamification/api/contributor/dashboard/amzn1.account.AFCGRGO2G3X7BZUCQT2RSLC2JHTQ/,4,Public
0,https://www.amazon.com/hz/gamification/api/contributor/dashboard/amzn1.account.AHIRNTMRAPKUZELUT6AISSNZY6EQ/,2,Public
16,https://www.amazon.com/hz/gamification/api/contributor/dashboard/amzn1.account.AECNORBD6BXYWUYUCYF6JGZZZVXQ/,24,Public
234,https://www.amazon.com/hz/gamification/api/contributor/dashboard/amzn1.account.AFLWV5QML7T4VBFGBHHPMK56TJ2Q/,90,Public
17,https://www.amazon.com/hz/gamification/api/contributor/dashboard/amzn1.account.AHWNKXG7ED7VJBIMGJPMKCEWRLPA/,11,Public
0,https://www.amazon.com/hz/gamification/api/contributor/dashboard/amzn1.account.AFJL3JLA6DKG3KOIYD6KTOSEDJIA/,5,Public
1,https://www.amazon.com/hz/gamification/api/contributor/dashboard/amzn1.account.AGDAIRQJNLDGDAYZGNYAP5OA4M6A/,3,Public
31,https://www.amazon.com/hz/gamification/api/contributor/dashboard/amzn1.account.AER7M33LIWMJXPSYFDQ3Y7OAAW4A/,55,Public
1,https://www.amazon.com/hz/gamification/api/contributor/dashboard/amzn1.account.AFR3DRSZ6CI3BJ5FO2G2DBNMCF2A/,3,Public
1,https://www.amazon.com/hz/gamification/api/contributor/dashboard/amzn1.account.AFRRWDM5GU626NDU3NEXFCCZCHOA/,1,Public
35,https://www.amazon.com/hz/gamification/api/contributor/dashboard/amzn1.account.AHQIZCICI7ONKWECT4KOGSXBYOPQ/,24,Public
8,https://www.amazon.com/hz/gamification/api/contributor/dashboard/amzn1.account.AEG477JVHKDGND2P4UMRDAAL6BFQ/,43,Public
21,https://www.amazon.com/hz/gamification/api/contributor/dashboard/amzn1.account.AG46AVOVYKXZAYH34DIDP5MEXNYA/,34,Public
67,https://www.amazon.com/hz/gamification/api/contributor/dashboard/amzn1.account.AF3YXUFPDVJW3QVM4SEFTFGWLOTQ/,66,Public
4,https://www.amazon.com/hz/gamification/api/contributor/dashboard/amzn1.account.AEWC5E6YFWEPBULDCB3FNQFDXLUQ/,27,Public
1,https://www.amazon.com/hz/gamification/api/contributor/dashboard/amzn1.account.AGRE5UKWYQVYQSKNEWBH4XBIANQQ/,8,Public
5,https://www.amazon.com/hz/gamification/api/contributor/dashboard/amzn1.account.AFP7ZSAC7SQQNQUXVHOXBZWXMYDA/,20,Public
0,https://www.amazon.com/hz/gamification/api/contributor/dashboard/amzn1.account.AEQYSKPEGZ3MYHNV6DB7VTNFHQ2Q/,2,Public
8,https://www.amazon.com/hz/gamification/api/contributor/dashboard/amzn1.account.AF3V4AODSX6UKJJEY53Z54Q5635Q/,30,Public
8,https://www.amazon.com/hz/gamification/api/contributor/dashboard/amzn1.account.AENTKDFJAWWCABFD4BW4GS3WGUVQ/,8,Public
218,https://www.amazon.com/hz/gamification/api/contributor/dashboard/amzn1.account.AGDA7XTTXTSVWUXG5ZHR6BLWJQSQ/,60,Public
2,https://www.amazon.com/hz/gamification/api/contributor/dashboard/amzn1.account.AH472HMIY2WJ7KV3VLUGAAJJD7RA/,5,Public
0,https://www.amazon.com/hz/gamification/api/contributor/dashboard/amzn1.account.AHMGUBSSXXTOQYBQ2SX5DLUD35KQ/,1,Public
1,https://www.amazon.com/hz/gamification/api/contributor/dashboard/amzn1.account.AFD7PYVOAMWSCYUJ57ARKT2ROBGA/,1,Public
0,https://www.amazon.com/hz/gamification/api/contributor/dashboard/amzn1.account.AGXWVEYS7BD2LJNTKW2WWK4YLPIA/,3,Public
42,https://www.amazon.com/hz/gamification/api/contributor/dashboard/amzn1.account.AFMUAWRX4WIV2P3GLJJOPUGNMAWA/,46,Public
1,https://www.amazon.com/hz/gamification/api/contributor/dashboard/amzn1.account.AHLYKQXSXCZTKD5QMUEUJBHLEB5Q/,3,Public
27,https://www.amazon.com/hz/gamification/api/contributor/dashboard/amzn1.account.AGSALGOSRZD2OFIAJO7XBWHDLLYA/,57,Public
2,https://www.amazon.com/hz/gamification/api/contributor/dashboard/amzn1.account.AEFUM7YBATP5EMISKVOX3FSHA6NA/,3,Public
3,https://www.amazon.com/hz/gamification/api/contributor/dashboard/amzn1.account.AEU5L6EOGM36426NFK5QEYS3VQNA/,11,Public
0,https://www.amazon.com/hz/gamification/api/contributor/dashboard/amzn1.account.AHBMCZ4OUCLDNOMS4PBJ75HVGI6A/,1,Public
8,https://www.amazon.com/hz/gamification/api/contributor/dashboard/amzn1.account.AFBA5KMDLNPDJISWODROWUUSNE4Q/,46,Public
22,https://www.amazon.com/hz/gamification/api/contributor/dashboard/amzn1.account.AE4SJPGBZKVS7QDZXEY3VSYRVNMQ/,6,Public
5,https://www.amazon.com/hz/gamification/api/contributor/dashboard/amzn1.account.AESHYKUUAPNLCLK5YOKSZE22WPHA/,3,Public
15,https://www.amazon.com/hz/gamification/api/contributor/dashboard/amzn1.account.AHCBYNJX2NAQTVQ4UW6UOS47SF2Q/,24,Public
1,https://www.amazon.com/hz/gamification/api/contributor/dashboard/amzn1.account.AHT23KP224RXN7NEHLSELVBNNZZA/,3,Public
98,https://www.amazon.com/hz/gamification/api/contributor/dashboard/amzn1.account.AHIBX3GFHF7AFKZWASFRO2VKM2RQ/,76,Public
0,https://www.amazon.com/hz/gamification/api/contributor/dashboard/amzn1.account.AHWXDPXIKJSYUG4F3B2PJWJGRJDA/,1,Public
4,https://www.amazon.com/hz/gamification/api/contributor/dashboard/amzn1.account.AFVLA7XGF4JTUCU5DLHX2Y7TXY2A/,35,Public
4,https://www.amazon.com/hz/gamification/api/contributor/dashboard/amzn1.account.AFGEFJPWJ75LGSI24FK2QFTQ3H7A/,12,Public
3,https://www.amazon.com/hz/gamification/api/contributor/dashboard/amzn1.account.AH2RXIEBXBU3B363RJPENDH4SIHQ/,12,Public
390,https://www.amazon.com/hz/gamification/api/contributor/dashboard/amzn1.account.AFENJ7MI6XUCIQOB32BL3MBDCJIQ/,174,Public
1,https://www.amazon.com/hz/gamification/api/contributor/dashboard/amzn1.account.AG6YPNETGYT4YPEQOP3QONO2VRUQ/,19,Public
0,https://www.amazon.com/hz/gamification/api/contributor/dashboard/amzn1.account.AEM4INAKU26UDS3D7OOJ5OMYYOUQ/,1,Public
5,https://www.amazon.com/hz/gamification/api/contributor/dashboard/amzn1.account.AGTOFLO3FOR2TRSGKP3LZ3THDJMA/,24,Public
9,https://www.amazon.com/hz/gamification/api/contributor/dashboard/amzn1.account.AGYVPXZC6WDMK25PWOCL74GWHDMA/,15,Public
43,https://www.amazon.com/hz/gamification/api/contributor/dashboard/amzn1.account.AGI7EIY7UJL3Z4DGLS272VM3VE6Q/,37,Public
6,https://www.amazon.com/hz/gamification/api/contributor/dashboard/amzn1.account.AGFTCDQTB5Z24T2A5RVJB4D3JIJQ/,10,Public
45,https://www.amazon.com/hz/gamification/api/contributor/dashboard/amzn1.account.AGYW4CGF4GJTCML4MF5BYRJNYWBQ/,33,Public
0,https://www.amazon.com/hz/gamification/api/contributor/dashboard/amzn1.account.AH6JRRCSRBIYFU3AYKDHTCUOQ3QQ/,2,Public
32,https://www.amazon.com/hz/gamification/api/contributor/dashboard/amzn1.account.AGZYKWP3QUANW45X7DL4Q3QLTZJQ/,23,Public
0,https://www.amazon.com/hz/gamification/api/contributor/dashboard/amzn1.account.AHM762BSDTMWVGYRZXE6Z75MC6PQ/,6,Public
1,https://www.amazon.com/hz/gamification/api/contributor/dashboard/amzn1.account.AG4BNW7G67NKT4Z5LTIONOBLS6LA/,2,Public
6,https://www.amazon.com/hz/gamification/api/contributor/dashboard/amzn1.account.AFVJY26XYEJPQ6KAN5JJBCURM45A/,9,Public
32,https://www.amazon.com/hz/gamification/api/contributor/dashboard/amzn1.account.AFNCTFUIYTLCJTIL4437PGVLZY6Q/,115,Public
3,https://www.amazon.com/hz/gamification/api/contributor/dashboard/amzn1.account.AENDZKGVE2K3S2FWX3HMQDLUJIEA/,5,Public
16,https://www.amazon.com/hz/gamification/api/contributor/dashboard/amzn1.account.AGKAH3XOUROLFMXM4ORSXYHHHJ7Q/,33,Public
2,https://www.amazon.com/hz/gamification/api/contributor/dashboard/amzn1.account.AEQWWLVRHBXBUFF23ZF3GRK7BX3Q/,33,Public
20,https://www.amazon.com/hz/gamification/api/contributor/dashboard/amzn1.account.AHXI5B6KSF2ODGZZH2YPS5K6ZLFA/,17,Public
1,https://www.amazon.com/hz/gamification/api/contributor/dashboard/amzn1.account.AF2WD4NDSRRKBIDJL6UUQWT5MJRA/,17,Public
8,https://www.amazon.com/hz/gamification/api/contributor/dashboard/amzn1.account.AFA5AX6CMLGSUPFYHIT7AJ53OFPA/,5,Public
