page_url,ranking,helpful_votes,total_review,visibility_status
https://www.amazon.com/profilewidget/bio/amzn1.account.AGTALFRNSI6CHMLN6YZ3TTEGTQQA/?view=visitor,14849,635,104,Public
https://www.amazon.com/profilewidget/bio/amzn1.account.AGL5FGAVG4DGZLYD4PVV7ST5AAVQ/?view=visitor,581776,136,15,Public
https://www.amazon.com/profilewidget/bio/amzn1.account.AGYHZOGWZYY4U4H3DYZG73C6DOTQ/?view=visitor,1450897,119,17,Public
https://www.amazon.com/profilewidget/bio/amzn1.account.AH6MWO47TVIELFVLIWMOAJI54ZYA/?view=visitor,7147,435,800,Public
https://www.amazon.com/profilewidget/bio/amzn1.account.AEDYJEO6TA2OVPKPOTGD3L3C3GZQ/?view=visitor,14491,573,191,Public
https://www.amazon.com/profilewidget/bio/amzn1.account.AGN4DDHPMTU6XJMVJWCW2ENVGB4Q/?view=visitor,1020579,75,19,Public
https://www.amazon.com/profilewidget/bio/amzn1.account.AGJE4ZS7FSYQYZF72V64KNFYTZOQ/?view=visitor,918412,58,14,Public
https://www.amazon.com/profilewidget/bio/amzn1.account.AG7NG2BFYWUQMNMERSYTAF6Z36FQ/?view=visitor,173843,166,124,Public
https://www.amazon.com/profilewidget/bio/amzn1.account.AEDMSWIGXCPFSHRFPOV7VXRNBPTQ/?view=visitor,350233,85,95,Public
https://www.amazon.com/profilewidget/bio/amzn1.account.AFBPKE4TVTGAG7POKDKICOC7GG5A/?view=visitor,392831,54,52,Public
https://www.amazon.com/profilewidget/bio/amzn1.account.AFJMVA5TJQABU4VAM4OHC663PANA/?view=visitor,4065,564,226,Public
https://www.amazon.com/profilewidget/bio/amzn1.account.AEEMMVHEEAOEZIPP4Z2GGN7Y5NTA/?view=visitor,83633738,17,25,Public
https://www.amazon.com/profilewidget/bio/amzn1.account.AEFBPWGJU4E2AWU4AHHLNDAKKHBQ/?view=visitor,258271,290,144,Public
https://www.amazon.com/profilewidget/bio/amzn1.account.AEIMYECLISLGEIQRPHV7TEYNXFCQ/?view=visitor,1963731,40,43,Public
https://www.amazon.com/profilewidget/bio/amzn1.account.AHUK4UZHPKDCWHKWZZREXKEOYDCA/?view=visitor,55402,179,151,Public
https://www.amazon.com/profilewidget/bio/amzn1.account.AEGI2XXWCT53JMJVH65BPPYVTVLQ/?view=visitor,396430,71,63,Public
https://www.amazon.com/profilewidget/bio/amzn1.account.AFRCFA62YQMRNRDN4KTLQAHGXIHQ/?view=visitor,3577347,92,25,Public
https://www.amazon.com/profilewidget/bio/amzn1.account.AEJMYVJMU5J7RNGGCAWVN3DD6JHA/?view=visitor,3822048,41,8,Public
https://www.amazon.com/profilewidget/bio/amzn1.account.AFU25L2ODGT6HO7SIWKJE2KC3VZQ/?view=visitor,48826,216,113,Public
https://www.amazon.com/profilewidget/bio/amzn1.account.AGKF46YPU7WWALZU4IDJXMWFYBOQ/?view=visitor,474399,52,75,Public
https://www.amazon.com/profilewidget/bio/amzn1.account.AG7K677UUSC4FERAHLK2YWCBGJOQ/?view=visitor,4145300,33,31,Public
https://www.amazon.com/profilewidget/bio/amzn1.account.AEZN4UIBL5FTLHKWNCS23PTGQHCQ/?view=visitor,10209053,16,23,Public
https://www.amazon.com/profilewidget/bio/amzn1.account.AGYQWA3P6MFNQI6GIQLFXPAJT7HQ/?view=visitor,8575618,5,29,Public
https://www.amazon.com/profilewidget/bio/amzn1.account.AGMQFYNK36YRYY7MT3EIIN7JQTPQ/?view=visitor,26564938,11,1,Public
https://www.amazon.com/profilewidget/bio/amzn1.account.AELYM3RPHST44RLJHIQFQGQRNFMA/?view=visitor,381047,346,60,Public
https://www.amazon.com/profilewidget/bio/amzn1.account.AGEN6YRPEKY6OB3HPA3H5SL3LZRA/?view=visitor,83920369,1,8,Public
https://www.amazon.com/profilewidget/bio/amzn1.account.AGRR6QPNQDK4WKOKMA3YKAXKARPA/?view=visitor,867593,70,34,Public
https://www.amazon.com/profilewidget/bio/amzn1.account.AH5UKTKKY2TVEATXO5I5FHOWOGAQ/?view=visitor,83792982,1,4,Public
https://www.amazon.com/profilewidget/bio/amzn1.account.AE3MBJ52EYCP2V7SVV4RA7RWRXBQ/?view=visitor,5944034,11,10,Public
https://www.amazon.com/profilewidget/bio/amzn1.account.AH6A6HWZMT673Y2U4YGT4BVE7W7A/?view=visitor,125155,182,112,Public
https://www.amazon.com/profilewidget/bio/amzn1.account.AFDW2OXNMOV2Y3FWKS3PEDIBCY5Q/?view=visitor,526716,128,65,Public
https://www.amazon.com/profilewidget/bio/amzn1.account.AH73DZ5IOXGCOMMMRSGPKUSE7JNQ/?view=visitor,1049335,61,83,Public
https://www.amazon.com/profilewidget/bio/amzn1.account.AF5G7V3N34NXOSVSMWB4JZXEZ7YQ/?view=visitor,2089,816,1014,Public
https://www.amazon.com/profilewidget/bio/amzn1.account.AFKANVTXCHK6FJTG43HHHHHI2SZA/?view=visitor,339390,254,170,Public
https://www.amazon.com/profilewidget/bio/amzn1.account.AFGXQHWOI7ZU4YSEMM7PJQWAS4WA/?view=visitor,149970,718,60,Public
https://www.amazon.com/profilewidget/bio/amzn1.account.AHFACALYRXIM7RCQU6IHKUT56VHQ/?view=visitor,3447816,26,25,Public
https://www.amazon.com/profilewidget/bio/amzn1.account.AFXBO2HFF4GHXVHD2X3B3IGXY6ZA/?view=visitor,83792688,72,131,Public
https://www.amazon.com/profilewidget/bio/amzn1.account.AE73PNK4UDH34IIIDHORAL5PP3TQ/?view=visitor,12463761,1,6,Public
https://www.amazon.com/profilewidget/bio/amzn1.account.AGDKEE5KR5ZW4PBRXPSLGSMK2MKA/?view=visitor,82589,243,61,Public
https://www.amazon.com/profilewidget/bio/amzn1.account.AGGAX7HIBB73SHZKNIIGO7VBYONQ/?view=visitor,1085839,43,39,Public
https://www.amazon.com/profilewidget/bio/amzn1.account.AGKYSJ7G6375Q7XNCZD7UHIS4PWA/?view=visitor,220743,79,100,Public
https://www.amazon.com/profilewidget/bio/amzn1.account.AE3RSKHITIITWGWZGZUGISXRTRHQ/?view=visitor,279870,31,69,Public
https://www.amazon.com/profilewidget/bio/amzn1.account.AHJLQ4I2GZSEKSFYOU34OQUCLMPA/?view=visitor,903119,66,69,Public
https://www.amazon.com/profilewidget/bio/amzn1.account.AF6EMGNKCJNJ2CBD7GH5EULOX6RA/?view=visitor,634683,51,59,Public
https://www.amazon.com/profilewidget/bio/amzn1.account.AGI53YAFHYI4KTKNJJ5FHR6KYBDA/?view=visitor,3385891,4,22,Public
https://www.amazon.com/profilewidget/bio/amzn1.account.AECD6K7ZYRERQCIA7GXTKHOGFLSQ/?view=visitor,165661,182,168,Public
https://www.amazon.com/profilewidget/bio/amzn1.account.AFXEBRXPAXRPVFFRTIRDRBVMU3PQ/?view=visitor,1301934,218,48,Public
https://www.amazon.com/profilewidget/bio/amzn1.account.AHWZAK2PRC6SB5RNS7ZNSVDNJRJA/?view=visitor,5533697,10,37,Public
https://www.amazon.com/profilewidget/bio/amzn1.account.AEVDNO4E4X2I7F7EC2QBKF7HU4NQ/?view=visitor,603521,288,74,Public
https://www.amazon.com/profilewidget/bio/amzn1.account.AH22RPSRWLDLNF7DJ43AJAULL5SA/?view=visitor,1494170,49,56,Public
https://www.amazon.com/profilewidget/bio/amzn1.account.AFLFN6ML4CHEZQREJPIFERFARBMQ/?view=visitor,5683283,47,47,Public
https://www.amazon.com/profilewidget/bio/amzn1.account.AFV4SWBDJ5RACD5Y4JAOV5K5RX6A/?view=visitor,83764616,6,5,Public
https://www.amazon.com/profilewidget/bio/amzn1.account.AELAC55MP7MXFXU7YS7BZ3TYNN4A/?view=visitor,84015178,1,27,Public
https://www.amazon.com/profilewidget/bio/amzn1.account.AEYLZCU4GIMYDVFWZA2LAZ5P24XQ/?view=visitor,74830,232,197,Public
https://www.amazon.com/profilewidget/bio/amzn1.account.AHGN2GLSYPF3G5XSFDV2STCXJSFA/?view=visitor,3849006,14,9,Public
https://www.amazon.com/profilewidget/bio/amzn1.account.AFFAHDCNLJ7E3HVOXDMB4HUMM7HA/?view=visitor,17582,1031,442,Public
https://www.amazon.com/profilewidget/bio/amzn1.account.AHYZRUQNOCCQJT6ZLDLWERRTFNDA/?view=visitor,270822,94,71,Public
https://www.amazon.com/profilewidget/bio/amzn1.account.AG2IUZBNAODRWNT6SQBDG5LCVJRQ/?view=visitor,2715481,20,50,Public
https://www.amazon.com/profilewidget/bio/amzn1.account.AHWZ2UYFKKRCORLAO7GTQZW6UVNA/?view=visitor,83940820,10,26,Public
https://www.amazon.com/profilewidget/bio/amzn1.account.AEDPM3YBEN656GOWYEG2DWBZPPUQ/?view=visitor,83786111,0,3,Public
https://www.amazon.com/profilewidget/bio/amzn1.account.AGWRVXDNOHOUMF3AIPKZ57UGMQEQ/?view=visitor,4707559,2,13,Public
https://www.amazon.com/profilewidget/bio/amzn1.account.AHXS7XTR7AHEVPY75QGIJLJTNQUQ/?view=visitor,84371260,1,18,Public
https://www.amazon.com/profilewidget/bio/amzn1.account.AHZJHTL2I5WA5X7PPERFWHSY5YIQ/?view=visitor,105855,154,147,Public
https://www.amazon.com/profilewidget/bio/amzn1.account.AEAWYBRECBOROR7LTTLA2YTPSH5Q/?view=visitor,83724893,4,37,Public
https://www.amazon.com/profilewidget/bio/amzn1.account.AFWF772O5YIAUO4Z5HAVMHIT7CCQ/?view=visitor,618803,68,66,Public
https://www.amazon.com/profilewidget/bio/amzn1.account.AF7MM7EGQT3XSDDLK5DGEIIYG5TA/?view=visitor,2165870,6,26,Public
https://www.amazon.com/profilewidget/bio/amzn1.account.AE23NLTVF46UAQILWL6FXL274R2A/?view=visitor,84474006,127,137,Public
https://www.amazon.com/profilewidget/bio/amzn1.account.AEHO2R3PLQTUUHTCA2D336L3PY3A/?view=visitor,84084037,1,20,Public
https://www.amazon.com/profilewidget/bio/amzn1.account.AFJ7LZFX7VORK7FWNEWWRNMFJKPQ/?view=visitor,587998,74,75,Public
https://www.amazon.com/profilewidget/bio/amzn1.account.AH6R27BPWHGIYGY2WHAD2VEZLJEQ/?view=visitor,15321293,30,17,Public
https://www.amazon.com/profilewidget/bio/amzn1.account.AEKYQBNOPXM3K5OIH27OBTB7XNKQ/?view=visitor,4321880,67,19,Public
https://www.amazon.com/profilewidget/bio/amzn1.account.AF574HOI3TQEJ7DUPVJD6LZ2BTZQ/?view=visitor,3784381,20,83,Public
https://www.amazon.com/profilewidget/bio/amzn1.account.AEXK45SCU77YQJHJYJ2AODPUZRUA/?view=visitor,4826381,6,24,Public
https://www.amazon.com/profilewidget/bio/amzn1.account.AE3ZAF4P2RNTU3EXZETR7NPOIRXQ/?view=visitor,84170195,48,29,Public
https://www.amazon.com/profilewidget/bio/amzn1.account.AGCLK5TR4XYD3V6I6HJVJQRUQSKA/?view=visitor,7674540,26,20,Public
https://www.amazon.com/profilewidget/bio/amzn1.account.AHKOHUPMH7MZZ6ERWL24TMGO3GWQ/?view=visitor,11657916,8,12,Public
https://www.amazon.com/profilewidget/bio/amzn1.account.AHKZIM6QZ6FW7TT45HL72NBANXBA/?view=visitor,723194,101,39,Public
https://www.amazon.com/profilewidget/bio/amzn1.account.AEASWHPMQSUWKXLMRBFTYVKGUKNA/?view=visitor,8356178,8,26,Public
https://www.amazon.com/profilewidget/bio/amzn1.account.AGBXEGMRAGCLW3AEXS7G2KGZKQ3Q/?view=visitor,83853036,2,10,Public
https://www.amazon.com/profilewidget/bio/amzn1.account.AEB2JNZAJJKQLLQTOGRSDUCUPU4Q/?view=visitor,248593,131,175,Public
https://www.amazon.com/profilewidget/bio/amzn1.account.AH2Q67264KXB4TPY7V3CR3LM7OBA/?view=visitor,84489829,136,310,Public
https://www.amazon.com/profilewidget/bio/amzn1.account.AHVB37JSTISPO4JS266QKGR75ODQ/?view=visitor,938075,29,68,Public
https://www.amazon.com/profilewidget/bio/amzn1.account.AFV5HKPMJA5SPWDNNQIHFOSCYJFA/?view=visitor,84328210,82,48,Public
https://www.amazon.com/profilewidget/bio/amzn1.account.AFH4CSGMA3TBA3RFLGPDD4SKD7DA/?view=visitor,14486851,5,23,Public
https://www.amazon.com/profilewidget/bio/amzn1.account.AHYA2T57RTTT4MM5HK47CMLYXA7A/?view=visitor,9329199,0,19,Public
https://www.amazon.com/profilewidget/bio/amzn1.account.AFX36CKADB47WJHBIPMT35KJBMVQ/?view=visitor,2112003,37,74,Public
https://www.amazon.com/profilewidget/bio/amzn1.account.AEJEFANXBYAEJ24DNZZALZI5VQ2Q/?view=visitor,524627,77,65,Public
https://www.amazon.com/profilewidget/bio/amzn1.account.AHJYCNTVZZDNAJLYJL2EZPHXZFWQ/?view=visitor,84454394,19,92,Public
https://www.amazon.com/profilewidget/bio/amzn1.account.AESP3PHH5SYBXL5VXUQXILZSATTQ/?view=visitor,3831482,18,47,Public
https://www.amazon.com/profilewidget/bio/amzn1.account.AHIVP7ZXEJ2IWQ4JRT2S6NHPEKYA/?view=visitor,12576653,12,14,Public
https://www.amazon.com/profilewidget/bio/amzn1.account.AF4GIPQWZ3IDVA3YAYCV7ONTTF2A/?view=visitor,83939848,1,11,Public
https://www.amazon.com/profilewidget/bio/amzn1.account.AEP77OXYBGMT6O267IWT3XVMHZDA/?view=visitor,83614038,29,21,Public
https://www.amazon.com/profilewidget/bio/amzn1.account.AFVH3C5EWTG4FQFFKLRWAH2DH6AA/?view=visitor,10975745,71,12,Public
https://www.amazon.com/profilewidget/bio/amzn1.account.AFMB6UNUDN7DMV5VRGAFQMI3F6SQ/?view=visitor,84183477,14,61,Public
https://www.amazon.com/profilewidget/bio/amzn1.account.AGXRSPKOKXTTF57NZQF35H4MWKOA/?view=visitor,5742685,20,35,Public
https://www.amazon.com/profilewidget/bio/amzn1.account.AFFBTBKDBHBYZ6N2BY3JXGVTBOOA/?view=visitor,411267,86,150,Public
https://www.amazon.com/profilewidget/bio/amzn1.account.AGSFUYU2X62LPUQ7LREG4U5U3PPA/?view=visitor,10124845,0,12,Public
https://www.amazon.com/profilewidget/bio/amzn1.account.AGSXYOZQ3S7VHONP5C3T4D2QCZQQ/?view=visitor,357938,108,104,Public
https://www.amazon.com/profilewidget/bio/amzn1.account.AEHSEDCUN7PH2UF7JJHWWE4QOUQA/?view=visitor,5209942,2,19,Public
https://www.amazon.com/profilewidget/bio/amzn1.account.AF4Y2EQAPDOIG2UXTL2WWQU5GRPA/?view=visitor,2824994,14,34,Public
https://www.amazon.com/profilewidget/bio/amzn1.account.AHONRW6OOO2OFNBMG27TDAKAIOGQ/?view=visitor,1576987,151,127,Public
https://www.amazon.com/profilewidget/bio/amzn1.account.AFV22L7AEKI2LW6HMLRLUKNYVBGQ/?view=visitor,55,8370,1684,Public
https://www.amazon.com/profilewidget/bio/amzn1.account.AHRFGA6NTOHYLVUBQVE4GTLZGGBA/?view=visitor,2375900,17,21,Public
https://www.amazon.com/profilewidget/bio/amzn1.account.AFTCAXM5PVXCWYVOJ7JRE4SLRF5A/?view=visitor,10317767,1,8,Public
https://www.amazon.com/profilewidget/bio/amzn1.account.AG3CVK7U3J7KRQ6UQJNPBZFJ4WJA/?view=visitor,368021,90,130,Public
https://www.amazon.com/profilewidget/bio/amzn1.account.AE4LSXBEC6QEJWCCIZXS4K3U656Q/?view=visitor,667129,18,49,Public
https://www.amazon.com/profilewidget/bio/amzn1.account.AELD5GEQAQ3JW22DOY7GPZ3DEQNA/?view=visitor,23260108,1,2,Public
https://www.amazon.com/profilewidget/bio/amzn1.account.AHMTAZY6RIFGR3YXDZGTLCHHO6PQ/?view=visitor,415977,294,552,Public
https://www.amazon.com/profilewidget/bio/amzn1.account.AHZD4J75A4XEIQPWOL4RJH3XFSTA/?view=visitor,4472964,14,12,Public
https://www.amazon.com/profilewidget/bio/amzn1.account.AGPLCPWZVGLE3P5BRTBLCTS4SRDQ/?view=visitor,318020,218,115,Public
https://www.amazon.com/profilewidget/bio/amzn1.account.AGWHQ3Z2ZZKX5KGBEJJSDQPJDRGA/?view=visitor,166709,71,94,Public
https://www.amazon.com/profilewidget/bio/amzn1.account.AEC3IS2EZJ6K3RRJQYIBUOV4NYMA/?view=visitor,2254140,24,54,Public
https://www.amazon.com/profilewidget/bio/amzn1.account.AFXOD3PT4YNUTWADOHNZ6CGVJAZQ/?view=visitor,22658882,2,16,Public
https://www.amazon.com/profilewidget/bio/amzn1.account.AE6ETD2AZEK5M4NCYGCLMWRTRLSQ/?view=visitor,1796204,25,39,Public
https://www.amazon.com/profilewidget/bio/amzn1.account.AGFQ4WSOND7QKPN7QICMFLQEJP6Q/?view=visitor,2060510,12,27,Public
https://www.amazon.com/profilewidget/bio/amzn1.account.AHX6P22ITNQE5PVE5U62T3UBEINQ/?view=visitor,372744,59,45,Public
https://www.amazon.com/profilewidget/bio/amzn1.account.AHUWMVSFMAAUOAUSG4UFFMSZC7CA/?view=visitor,3690555,3,20,Public
https://www.amazon.com/profilewidget/bio/amzn1.account.AF2IDXGWA3UKJVE42XJMHUPE6YHA/?view=visitor,2351369,26,36,Public
https://www.amazon.com/profilewidget/bio/amzn1.account.AGZ6MTGXZQ7ZQCPJ7WU3FKZQDYDA/?view=visitor,10257450,22,26,Public
https://www.amazon.com/profilewidget/bio/amzn1.account.AHOERTRJIBNGSJK7ZCAKGGDL5V3A/?view=visitor,301410,58,70,Public
https://www.amazon.com/profilewidget/bio/amzn1.account.AEJBWH6F37ZFD7HC745G5DPNSW4A/?view=visitor,83908080,56,46,Public
https://www.amazon.com/profilewidget/bio/amzn1.account.AE4V5NPG42KHEVJFPNPUFU6ODRSA/?view=visitor,1173337,21,123,Public
https://www.amazon.com/profilewidget/bio/amzn1.account.AGH3M3FTNYQV5WMEFIK4ZNDNHPLQ/?view=visitor,2173390,42,30,Public
https://www.amazon.com/profilewidget/bio/amzn1.account.AFVX5B3HZVT426PU5ASVQYTNAROA/?view=visitor,5450530,21,48,Public
https://www.amazon.com/profilewidget/bio/amzn1.account.AHMCZ5HSULXCDGDV7QPDD7LB4MHA/?view=visitor,2341235,23,23,Public
https://www.amazon.com/profilewidget/bio/amzn1.account.AGXL4I4B3SLILBITKG55BTRNID2A/?view=visitor,141280,137,140,Public
https://www.amazon.com/profilewidget/bio/amzn1.account.AFVDK64SKPUJCN57MHJJKZXG4VLQ/?view=visitor,214207,59,102,Public
https://www.amazon.com/profilewidget/bio/amzn1.account.AH5NEHB3OE2LQCHKWD4T7RXTJRQQ/?view=visitor,123869,63,132,Public
https://www.amazon.com/profilewidget/bio/amzn1.account.AHVUDLIUDADEYGLFERZW35LRMPFQ/?view=visitor,133494,119,56,Public
https://www.amazon.com/profilewidget/bio/amzn1.account.AGERSQUQ6PJZXAE5HUPOYDD33HLA/?view=visitor,1608853,55,50,Public
https://www.amazon.com/profilewidget/bio/amzn1.account.AG3DY5UKGETRFFEHQBYWGXMPIUIQ/?view=visitor,83670504,117,58,Public
https://www.amazon.com/profilewidget/bio/amzn1.account.AFELMXPMZLICFEGEKDCGJRYD2TQQ/?view=visitor,6081017,28,33,Public
https://www.amazon.com/profilewidget/bio/amzn1.account.AEH4STDQ2JH6UKHPR75Q25PRVM5Q/?view=visitor,10774892,,,
https://www.amazon.com/profilewidget/bio/amzn1.account.AFQCWPXKODCVBBRZGTCG6BZOVGUA/?view=visitor,165065,213,39,Public
https://www.amazon.com/profilewidget/bio/amzn1.account.AEHJYDSZ2KUH6BBXTN7ZNKLZZQKQ/?view=visitor,38683017,1,1,Public
https://www.amazon.com/profilewidget/bio/amzn1.account.AFEQNYTHREB6B3RDJPPXSNSQR23Q/?view=visitor,4118907,6,12,Public
https://www.amazon.com/profilewidget/bio/amzn1.account.AFEIGB4XAXTR6JZNDRZLTBHXX7XA/?view=visitor,1058382,14,68,Public
https://www.amazon.com/profilewidget/bio/amzn1.account.AFAKUC7IL7G5GRFGLQIGZZ5OFKXQ/?view=visitor,1570031,18,54,Public
https://www.amazon.com/profilewidget/bio/amzn1.account.AEGOLWPIIPUJQGL2Z3M2GOCYD3QQ/?view=visitor,8124506,1,27,Public
https://www.amazon.com/profilewidget/bio/amzn1.account.AFGAZI7RCOOSC7LMG6PLER2LVZCA/?view=visitor,13003532,22,14,Public
https://www.amazon.com/profilewidget/bio/amzn1.account.AECFV5X2XZFAJSZXJMUT6234C4UQ/?view=visitor,1678197,4,21,Public
https://www.amazon.com/profilewidget/bio/amzn1.account.AGUADQ7NGVGZAQ5XZMEDJEORBJKA/?view=visitor,13151,12,21,Public
https://www.amazon.com/profilewidget/bio/amzn1.account.AFPMFCLIUMLYSLM266OI4C3S46IA/?view=visitor,2953361,459,168,Public
https://www.amazon.com/profilewidget/bio/amzn1.account.AE7AOTRMKTU4VXTTGSUSNEZFRBBA/?view=visitor,84258747,12,23,Public
https://www.amazon.com/profilewidget/bio/amzn1.account.AHZ3NRBEF7EPMBWHG4HEXBTBUPZA/?view=visitor,10154693,139,89,Public
https://www.amazon.com/profilewidget/bio/amzn1.account.AH3EIVHNLV2FQALDXWQR5BWJWVOQ/?view=visitor,1955659,2,14,Public
https://www.amazon.com/profilewidget/bio/amzn1.account.AEBTDNC22UUAH7L4BOVY2T4MRI3A/?view=visitor,25160588,230,78,Public
https://www.amazon.com/profilewidget/bio/amzn1.account.AHZ2BPDN3PYFR37W6MVWULKW24IA/?view=visitor,4739388,26,5,Public
https://www.amazon.com/profilewidget/bio/amzn1.account.AEZAAYCEI4M2ADGJCL5CAVR7H42A/?view=visitor,3906299,7,9,Public
https://www.amazon.com/profilewidget/bio/amzn1.account.AHMOREQC6WXMKS4RSWKQHAUFHCCQ/?view=visitor,842063,19,23,Public
https://www.amazon.com/profilewidget/bio/amzn1.account.AEK5RTYSQRS5A7M5N6WAIQXLLFLA/?view=visitor,3160238,98,79,Public
https://www.amazon.com/profilewidget/bio/amzn1.account.AHU6SFXBZF72B53OV6E7Y3BGZO4Q/?view=visitor,7323546,31,32,Public
https://www.amazon.com/profilewidget/bio/amzn1.account.AFS7C3ZZSSKVYWGDGLPQ6KJTHPUQ/?view=visitor,34426383,8,24,Public
https://www.amazon.com/profilewidget/bio/amzn1.account.AFWLM5S5AAMCEFNVU7RGUUZKLY2A/?view=visitor,3839735,6,11,Public
https://www.amazon.com/profilewidget/bio/amzn1.account.AE2J6LB5EZVDQG63PPNHBE6SBEYA/?view=visitor,6026479,5,17,Public
https://www.amazon.com/profilewidget/bio/amzn1.account.AHEJBSAP4L6PWKCQGWTB5BFRZATQ/?view=visitor,24202061,11,13,Public
https://www.amazon.com/profilewidget/bio/amzn1.account.AGBZEWUX54KWTLSUUUII6UU4OWNQ/?view=visitor,4569302,7,7,Public
https://www.amazon.com/profilewidget/bio/amzn1.account.AFLV2W3TT4NE22UGDW3WGXQRHQIA/?view=visitor,973815,5,20,Public
https://www.amazon.com/profilewidget/bio/amzn1.account.AGIZVWY6XJMIPJDZXSDD4IVLOF2A/?view=visitor,4103842,28,43,Public
https://www.amazon.com/profilewidget/bio/amzn1.account.AENISVP4ZG2GGENWY4SNZHOGAA4Q/?view=visitor,7882809,2,20,Public
https://www.amazon.com/profilewidget/bio/amzn1.account.AFPKMGZXMJEOSW4OO3UP7WV66UXA/?view=visitor,2487917,3,16,Public
https://www.amazon.com/profilewidget/bio/amzn1.account.AGUKR7N3VSG3HTT5DJLCM5QBTOIA/?view=visitor,162353,16,35,Public
https://www.amazon.com/profilewidget/bio/amzn1.account.AEOVZEAOBLGXDETMBH6D3ZHA5YNA/?view=visitor,3900925,237,109,Public
https://www.amazon.com/profilewidget/bio/amzn1.account.AEHNIPU3JCBLAZH66G4JIIB7TP4A/?view=visitor,3161321,17,35,Public
https://www.amazon.com/profilewidget/bio/amzn1.account.AHBJXC7AKVAZZX6T7FXHJQNL5XKQ/?view=visitor,2577574,28,8,Public
https://www.amazon.com/profilewidget/bio/amzn1.account.AGUIBCCUG74S3E5TAU7EEPJT527A/?view=visitor,5291254,,,
https://www.amazon.com/profilewidget/bio/amzn1.account.AFPQ6Y5HGO3WBKFTJAE7BYDUTLQQ/?view=visitor,84303790,2,58,Public
https://www.amazon.com/profilewidget/bio/amzn1.account.AF6ULLLM4TMN35NDDAKRXHTXUVTA/?view=visitor,6609547,4,31,Public
https://www.amazon.com/profilewidget/bio/amzn1.account.AEGMCTZ3SIY4X3EI56U3P52WI5CQ/?view=visitor,84382194,21,16,Public
https://www.amazon.com/profilewidget/bio/amzn1.account.AE43WINF3JDLD3K6CEIBPM4XO3QA/?view=visitor,2522737,22,21,Public
https://www.amazon.com/profilewidget/bio/amzn1.account.AHXGS66KIKTGOV7EPPSQYTMFMZQA/?view=visitor,1568822,11,22,Public
https://www.amazon.com/profilewidget/bio/amzn1.account.AFNXZBEJBQ5UAQLA5DIZJPWIUYYQ/?view=visitor,84096176,20,130,Public
https://www.amazon.com/profilewidget/bio/amzn1.account.AEUOPMKZI2K27TBNXH5GUBR2JEJA/?view=visitor,3485459,2,4,Public
https://www.amazon.com/profilewidget/bio/amzn1.account.AH2JLXC475ZGSZRE7NW3KSHPTWMQ/?view=visitor,3627041,13,19,Public
https://www.amazon.com/profilewidget/bio/amzn1.account.AHW4TUKPPNLVSPZAXEZESZ5EV3VQ/?view=visitor,786412,30,15,Public
https://www.amazon.com/profilewidget/bio/amzn1.account.AGQPH6KUJTL4XA3T72AH6WJLB5WQ/?view=visitor,3500126,43,110,Public
https://www.amazon.com/profilewidget/bio/amzn1.account.AF33OYOQ5AYCFNGO366EGRKJQ46A/?view=visitor,285953,66,89,Public
https://www.amazon.com/profilewidget/bio/amzn1.account.AFCI43N3CU3QV5QSSSP23UCN2E5A/?view=visitor,84294721,133,254,Public
https://www.amazon.com/profilewidget/bio/amzn1.account.AFUZRV46EEMP64S2QDO7T2GCZPNA/?view=visitor,2806116,13,25,Public
https://www.amazon.com/profilewidget/bio/amzn1.account.AFGFDAEEZKBH6EQ5GGQUHCDVWBDQ/?view=visitor,4300585,10,9,Public
https://www.amazon.com/profilewidget/bio/amzn1.account.AFCPR7ULVNZRSIHIXLQHMAYPKOAQ/?view=visitor,2067609,18,47,Public
https://www.amazon.com/profilewidget/bio/amzn1.account.AEV5EKDVTQQOMQWFYQXQ4LGYHX7A/?view=visitor,7022514,14,16,Public
https://www.amazon.com/profilewidget/bio/amzn1.account.AFPA4PHOJMXW6DI4QCTWWOCV6R7Q/?view=visitor,12343902,4,19,Public
https://www.amazon.com/profilewidget/bio/amzn1.account.AHYBKKNKMGXIRZAPDMKTIF4XDDZA/?view=visitor,3664191,0,9,Public
https://www.amazon.com/profilewidget/bio/amzn1.account.AFW42ZIW3D7PH5PKYJKP7Y45AKVA/?view=visitor,10750376,14,40,Public
https://www.amazon.com/profilewidget/bio/amzn1.account.AFZ46Y4DSDOVVRFJXXQ25IF4DTAA/?view=visitor,2058423,1,8,Public
https://www.amazon.com/profilewidget/bio/amzn1.account.AFN5HIA6STPHFN3TW6OBH3OHJNJA/?view=visitor,3157783,34,36,Public
https://www.amazon.com/profilewidget/bio/amzn1.account.AEM5UWJU6IJ4WADVKFE6POF6AZGA/?view=visitor,7347805,4,15,Public
https://www.amazon.com/profilewidget/bio/amzn1.account.AFLN32E3C67REGBIPFZNQQQ4ME2Q/?view=visitor,5945673,8,49,Public
https://www.amazon.com/profilewidget/bio/amzn1.account.AEDG6VK5I5VRJAYLJEF5YXECP3VA/?view=visitor,16673065,4,25,Public
https://www.amazon.com/profilewidget/bio/amzn1.account.AG3VCWFA6E2BK7MVSWLYPSLUUSTQ/?view=visitor,4274448,2,23,Public
https://www.amazon.com/profilewidget/bio/amzn1.account.AH4PI66I7Y3HVCYS3TGR5RKR34ZQ/?view=visitor,2282668,6,30,Public
https://www.amazon.com/profilewidget/bio/amzn1.account.AEIXE5I6WHS55HW6WVQ5NHCWK6KA/?view=visitor,9866,563,306,Public
https://www.amazon.com/profilewidget/bio/amzn1.account.AFUEZMMM44FDLHS75RQ6XNN7VL2A/?view=visitor,29318590,1,4,Public
https://www.amazon.com/profilewidget/bio/amzn1.account.AGNWFBNXATPJXGLZ24PZ42I47Q6A/?view=visitor,84499638,399,1073,Public
https://www.amazon.com/profilewidget/bio/amzn1.account.AF6GKZ2DCAALOCDIH2V4LZXBGMUA/?view=visitor,4282436,18,32,Public
https://www.amazon.com/profilewidget/bio/amzn1.account.AHSXNMKLOWIJJZBXPPY4MRHSQRZA/?view=visitor,15636205,0,7,Public
https://www.amazon.com/profilewidget/bio/amzn1.account.AERI6SQFHJ3ELTB3PUQZ42J6CYGQ/?view=visitor,440422,112,160,Public
https://www.amazon.com/profilewidget/bio/amzn1.account.AGQERZHXRNU3ZGBA4JDALPEJHRAA/?view=visitor,1411240,44,27,Public
https://www.amazon.com/profilewidget/bio/amzn1.account.AFKHFCHNQBBQHKSWJ4YTOAZ4JIIQ/?view=visitor,1340875,54,95,Public
https://www.amazon.com/profilewidget/bio/amzn1.account.AEEQGVXYTGFZVCBGNIGMXKOGKQVA/?view=visitor,7283469,6,13,Public
https://www.amazon.com/profilewidget/bio/amzn1.account.AE5LKH5J7OFOYMEXGN5AZZXDJQKA/?view=visitor,125632,117,106,Public
https://www.amazon.com/profilewidget/bio/amzn1.account.AFVD4IIM55BOGMN3ACQKDJNGGFXA/?view=visitor,10230140,6,15,Public
https://www.amazon.com/profilewidget/bio/amzn1.account.AFWJQMNJS523NEMBC32Y3YKFU24Q/?view=visitor,1794036,38,70,Public
https://www.amazon.com/profilewidget/bio/amzn1.account.AH4ZUUKOVMNDEU4I2QFDRY5TGXAA/?view=visitor,1459255,59,85,Public
https://www.amazon.com/profilewidget/bio/amzn1.account.AEJEA6BZEUJMWFPB3XREENVH2S3A/?view=visitor,628374,55,56,Public
https://www.amazon.com/profilewidget/bio/amzn1.account.AHAQ4KBGD3727YTD3YMQMTWQE7MQ/?view=visitor,2315490,8,16,Public
https://www.amazon.com/profilewidget/bio/amzn1.account.AHXUNSS65X3Q7SMUGBCDYBMEWJDQ/?view=visitor,186706,207,92,Public
https://www.amazon.com/profilewidget/bio/amzn1.account.AH2FHEYNQKDVL4R3ZHCWCHJFFIDQ/?view=visitor,84225485,49,43,Public
https://www.amazon.com/profilewidget/bio/amzn1.account.AHL7MLGKHOVRU2NAJYIFCJFU2OSQ/?view=visitor,682643,166,57,Public
https://www.amazon.com/profilewidget/bio/amzn1.account.AECL5IXICQJMOJLEAII47PAU36IA/?view=visitor,83990629,16,36,Public
https://www.amazon.com/profilewidget/bio/amzn1.account.AHPA4MHFQUKMB6GFKZSLFBHACZZA/?view=visitor,1931225,116,36,Public
https://www.amazon.com/profilewidget/bio/amzn1.account.AEN2VXMG22GS3BJC7MAR4NZLQF2A/?view=visitor,39048870,4,9,Public
https://www.amazon.com/profilewidget/bio/amzn1.account.AEZV5W3LNMSYGCXTNLQWAVQUAK6A/?view=visitor,900612,96,61,Public
https://www.amazon.com/profilewidget/bio/amzn1.account.AE4ECUY2RJIBMDJUNXJPW65PE4ZQ/?view=visitor,2619497,13,89,Public
https://www.amazon.com/profilewidget/bio/amzn1.account.AEW7WWJZ5AONQOIY3DMLXJVG36NQ/?view=visitor,2605523,5,31,Public
https://www.amazon.com/profilewidget/bio/amzn1.account.AGG6SAU23DAO5SWSD55FXRBPYZ7A/?view=visitor,4460754,17,29,Public
https://www.amazon.com/profilewidget/bio/amzn1.account.AG2YOMZTN5MKUSCM5CIPXP27AIUA/?view=visitor,2085619,22,60,Public
https://www.amazon.com/profilewidget/bio/amzn1.account.AFW2WSNLVXDJOOIBYMOE6T266QHA/?view=visitor,137301,152,150,Public
https://www.amazon.com/profilewidget/bio/amzn1.account.AEDTSCWJMG2OTWKECHYXVQ7KR6IQ/?view=visitor,11370006,6,6,Public
https://www.amazon.com/profilewidget/bio/amzn1.account.AHRZO7L2GDFYGQKHUQDCR7AVTUVQ/?view=visitor,4598627,13,20,Public
https://www.amazon.com/profilewidget/bio/amzn1.account.AEKYQ3DZ6X3J36VOCL3KUWCMOH6A/?view=visitor,84394583,175,299,Public
https://www.amazon.com/profilewidget/bio/amzn1.account.AFEGIVV6DUALSONGOJEQXL6XWAWQ/?view=visitor,1853531,10,26,Public
https://www.amazon.com/profilewidget/bio/amzn1.account.AGS22LD4VCMHE3FKJ2DMV2NQDD2Q/?view=visitor,12776902,0,8,Public
https://www.amazon.com/profilewidget/bio/amzn1.account.AFKKLESYCKLPO7TRLKXEGRBEDYAA/?view=visitor,84424469,201,60,Public
https://www.amazon.com/profilewidget/bio/amzn1.account.AHI7GP5W7JBUJXND46J6ALOEAOVA/?view=visitor,10215623,1,10,Public
https://www.amazon.com/profilewidget/bio/amzn1.account.AFWWVPUZBVWBWBGTMVVKUXABI7IA/?view=visitor,46208886,1,1,Public
https://www.amazon.com/profilewidget/bio/amzn1.account.AFQNBI5W3EHRNU22GOLXMG6ZSTWQ/?view=visitor,690287,49,76,Public
https://www.amazon.com/profilewidget/bio/amzn1.account.AHC4CXXIILMMQTNNS4V5VZL5SORA/?view=visitor,691663,44,116,Public
https://www.amazon.com/profilewidget/bio/amzn1.account.AETW6YXC3BXBXTGQUVFBZKGLBCJQ/?view=visitor,83361395,9,15,Public
https://www.amazon.com/profilewidget/bio/amzn1.account.AGBSQ2GAP6J7NRQF2OPUVW264T7A/?view=visitor,1718749,12,56,Public
https://www.amazon.com/profilewidget/bio/amzn1.account.AE2OAXF3HHW2N5V5OCRZZNOB5DSQ/?view=visitor,83278305,46,132,Public
https://www.amazon.com/profilewidget/bio/amzn1.account.AHWBFVCU5JVYEP4JRFCC4FZC7O3Q/?view=visitor,2051685,19,114,Public
https://www.amazon.com/profilewidget/bio/amzn1.account.AHQQHJJ6BOQK4DQ7VNEYNO222C5A/?view=visitor,16162858,2,6,Public
https://www.amazon.com/profilewidget/bio/amzn1.account.AGCVGFDTYP55NKKSE5MR7EUZIIXQ/?view=visitor,99733,109,127,Public
https://www.amazon.com/profilewidget/bio/amzn1.account.AE3U73QGVDLZUA2DSACCVDCYAY6Q/?view=visitor,4011375,7,44,Public
https://www.amazon.com/profilewidget/bio/amzn1.account.AHGV2ZVOBKRXCVCLVRNK7HSSSBPA/?view=visitor,5990895,6,26,Public
https://www.amazon.com/profilewidget/bio/amzn1.account.AHDCAOVHKPL2SMKJ223QPWVDHLEA/?view=visitor,2355209,24,23,Public
https://www.amazon.com/profilewidget/bio/amzn1.account.AEMARIERNL44A4UJUMBA2V4VUIKQ/?view=visitor,5941100,2,20,Public
https://www.amazon.com/profilewidget/bio/amzn1.account.AEQPEFSZJMWN6E37OPMHAXCLT6LA/?view=visitor,19299715,2,8,Public
https://www.amazon.com/profilewidget/bio/amzn1.account.AHIR7M3LRRLILLYMT2YGGRH6LOJA/?view=visitor,1143856,25,30,Public
https://www.amazon.com/profilewidget/bio/amzn1.account.AFY2O5W3UXE73DXATOCA7JZMSACA/?view=visitor,84034505,26,48,Public
https://www.amazon.com/profilewidget/bio/amzn1.account.AGNWZXBJONISQY3DKYH5YFQQX5OQ/?view=visitor,12095722,5,11,Public
https://www.amazon.com/profilewidget/bio/amzn1.account.AHEXSNFGNPSHSMWQZC4DUBJZ3V3A/?view=visitor,3468531,33,15,Public
https://www.amazon.com/profilewidget/bio/amzn1.account.AFEDE6YCGCKI2JMDWBPK5ET6ACHQ/?view=visitor,4144395,10,50,Public
https://www.amazon.com/profilewidget/bio/amzn1.account.AFPOVVZMJHCMGPY5WVAIDMZX36UA/?view=visitor,448239,42,47,Public
https://www.amazon.com/profilewidget/bio/amzn1.account.AGVFAEFCTMO2YURYDJBQ7UOYZQIA/?view=visitor,943935,13,72,Public
https://www.amazon.com/profilewidget/bio/amzn1.account.AFTME7NW4VUMZDQA2K2Q2Q5UOF4A/?view=visitor,1839608,19,28,Public
https://www.amazon.com/profilewidget/bio/amzn1.account.AGJIXQOI2B3SLJZZ2MUB5OCKBBFQ/?view=visitor,586894,96,32,Public
https://www.amazon.com/profilewidget/bio/amzn1.account.AHW7D3BBTZCNXHO4F6UN3T33SUEA/?view=visitor,62665,195,108,Public
https://www.amazon.com/profilewidget/bio/amzn1.account.AFIRTTZ3A3XWT35U6FZTITJMHEGQ/?view=visitor,1900730,25,20,Public
https://www.amazon.com/profilewidget/bio/amzn1.account.AETQBXQHYILOV4Q7MCLAIKHPCCKA/?view=visitor,1308383,7,63,Public
https://www.amazon.com/profilewidget/bio/amzn1.account.AEOM2XS56MU5WS6CGE2TVKNAGJ7A/?view=visitor,2336095,36,13,Public
https://www.amazon.com/profilewidget/bio/amzn1.account.AHMQ3QUFOEHBFX2HGROQH6ZLBPUQ/?view=visitor,18452342,1,4,Public
https://www.amazon.com/profilewidget/bio/amzn1.account.AFPM35GS2HW7XJHMHXPUCMXKRH6A/?view=visitor,11259,371,763,Public
https://www.amazon.com/profilewidget/bio/amzn1.account.AEIKMM2V3DQFCEDIK73A5WDBFD6A/?view=visitor,83853456,110,139,Public
https://www.amazon.com/profilewidget/bio/amzn1.account.AGNRHODD3ZM75TKJXXGK3K5LJPAA/?view=visitor,2191918,8,42,Public
https://www.amazon.com/profilewidget/bio/amzn1.account.AE7HQPLXJHJ5PXGXVVK6C7I43KEA/?view=visitor,3037513,12,37,Public
https://www.amazon.com/profilewidget/bio/amzn1.account.AEKKCKM4ZPUTBJET2IKEB27WNIZQ/?view=visitor,3013700,30,87,Public
https://www.amazon.com/profilewidget/bio/amzn1.account.AFILLM734NNRXIK6OSZCAY7NIGXQ/?view=visitor,2799752,7,39,Public
https://www.amazon.com/profilewidget/bio/amzn1.account.AHD3JTEE5QIZIFB37WL4XIFHYWHA/?view=visitor,453392,169,89,Public
https://www.amazon.com/profilewidget/bio/amzn1.account.AGSYVUQAWAOSKVFK35KKD6J6EBNQ/?view=visitor,1065324,79,57,Public
https://www.amazon.com/profilewidget/bio/amzn1.account.AE2LVOL3VIGGTPM7JEWMBTMYPXCA/?view=visitor,851801,49,33,Public
https://www.amazon.com/profilewidget/bio/amzn1.account.AHZG3DXYB5YWEI27UN4GOGYEQ5EQ/?view=visitor,4252595,3,34,Public
https://www.amazon.com/profilewidget/bio/amzn1.account.AHDWIF7HR54QN6LJ4ADDYTNXAZBA/?view=visitor,682461,328,77,Public
https://www.amazon.com/profilewidget/bio/amzn1.account.AEJNID4RBJG24PTLDANMWBJXOYXA/?view=visitor,659629,40,39,Public
https://www.amazon.com/profilewidget/bio/amzn1.account.AGRA2IMED2OPNATQELXXIYHOUUQA/?view=visitor,6407574,9,8,Public
https://www.amazon.com/profilewidget/bio/amzn1.account.AH2V5RW4F3DWK2JRP36YRTPONE7A/?view=visitor,28904732,231,97,Public
https://www.amazon.com/profilewidget/bio/amzn1.account.AHUQXIYOEANZ35Z2MT7CKTILRJ4Q/?view=visitor,8330772,8,16,Public
https://www.amazon.com/profilewidget/bio/amzn1.account.AEA6DC5XL76RL6HKZLCO7ELD3PCA/?view=visitor,2163443,13,33,Public
https://www.amazon.com/profilewidget/bio/amzn1.account.AFSDDUR7HDSBFES6J4WAKQHZCJEA/?view=visitor,980679,25,41,Public
https://www.amazon.com/profilewidget/bio/amzn1.account.AGJLXORPUURWLDVOUQSEZTHXCNQQ/?view=visitor,282967,261,167,Public
https://www.amazon.com/profilewidget/bio/amzn1.account.AF5QZPTWJXSIJ35DB7EP3LDDAJXA/?view=visitor,2424920,17,60,Public
https://www.amazon.com/profilewidget/bio/amzn1.account.AH4622XK6A62IFJ7FIBATI7MHLSA/?view=visitor,5919042,63,29,Public
https://www.amazon.com/profilewidget/bio/amzn1.account.AGJZR4YHVHG2CFYJXQITCZ7Z524A/?view=visitor,9338599,1,13,Public
https://www.amazon.com/profilewidget/bio/amzn1.account.AEGCAPL47RQ7TPNSBM65FJM62O4Q/?view=visitor,22827259,18,18,Public
https://www.amazon.com/profilewidget/bio/amzn1.account.AFWWLG5JNQQ2Q7NDRPHH2COLCCYA/?view=visitor,5661344,7,31,Public
https://www.amazon.com/profilewidget/bio/amzn1.account.AEUNP5DMVYOJOJYNXJ2MJXFBNZLA/?view=visitor,3181967,10,33,Public
https://www.amazon.com/profilewidget/bio/amzn1.account.AFL4TVLCDHMT4SUTHAQ7J7T4N2FQ/?view=visitor,5543961,6,15,Public
https://www.amazon.com/profilewidget/bio/amzn1.account.AGLZZDHPSF4OQQSZLNP3HCIM55EA/?view=visitor,5471860,17,49,Public
https://www.amazon.com/profilewidget/bio/amzn1.account.AEZKTZ2BV7QFARZZ5YZ3K5YSAFFQ/?view=visitor,2972058,5,19,Public
https://www.amazon.com/profilewidget/bio/amzn1.account.AGCZ3RE3KNLC35GZBKPSKQX5PC6A/?view=visitor,208888,109,128,Public
https://www.amazon.com/profilewidget/bio/amzn1.account.AHRRVCZAHYPOPN3BBL74GOUV7QRA/?view=visitor,7800471,19,7,Public
https://www.amazon.com/profilewidget/bio/amzn1.account.AHBTWMI6AXD6VTALU2E4DFQWD3WQ/?view=visitor,763268,19,79,Public
https://www.amazon.com/profilewidget/bio/amzn1.account.AGV3SIS3SEVYJGFD7C6LYRPDNY5A/?view=visitor,471163,42,53,Public
https://www.amazon.com/profilewidget/bio/amzn1.account.AHWXPPD2GIFXAHLQWMWX3SH2MCNA/?view=visitor,5435204,41,27,Public
https://www.amazon.com/profilewidget/bio/amzn1.account.AH2UFK6KNDGKNWU7DWA4U67CXSCQ/?view=visitor,1978515,43,49,Public
https://www.amazon.com/profilewidget/bio/amzn1.account.AFRDMGD2ZX2UKFEUNX7B3ITF74MQ/?view=visitor,16048240,5,12,Public
https://www.amazon.com/profilewidget/bio/amzn1.account.AHQGJ3HOSPD5BV27I6WD3RBMKZNA/?view=visitor,270300,91,35,Public
https://www.amazon.com/profilewidget/bio/amzn1.account.AGO47R45EO6C7OTGZZX6KLEJB76Q/?view=visitor,1111019,14,60,Public
https://www.amazon.com/profilewidget/bio/amzn1.account.AHCVKTPBCZDVL3DC6PTMQKLBFWDQ/?view=visitor,1592906,12,26,Public
https://www.amazon.com/profilewidget/bio/amzn1.account.AH7AJKPES64CMR2NCA7C3SNNJRWQ/?view=visitor,83465533,4,24,Public
https://www.amazon.com/profilewidget/bio/amzn1.account.AHEUK2D3DW6P55VM5UYPA35UDNFA/?view=visitor,27234133,14,18,Public
https://www.amazon.com/profilewidget/bio/amzn1.account.AEV7QI2YGMDGHZA36ZOBU7K2H4SA/?view=visitor,23678,552,106,Public
https://www.amazon.com/profilewidget/bio/amzn1.account.AFJZ6RYAGACRSJIYUUHJRDPBVO4Q/?view=visitor,206018,66,138,Public
https://www.amazon.com/profilewidget/bio/amzn1.account.AGALTABOV54VX7IZROBDUJW5UKDA/?view=visitor,84311493,15,13,Public
https://www.amazon.com/profilewidget/bio/amzn1.account.AH3P2DMTIB6QTDV4R7TTXXXPM3HA/?view=visitor,15551605,9,14,Public
https://www.amazon.com/profilewidget/bio/amzn1.account.AHNK2XMJTRPVD7ZXA24ZWS3UBA5Q/?view=visitor,10935756,20,3,Public
https://www.amazon.com/profilewidget/bio/amzn1.account.AELALBJS5AEROAJYEDATOGON3G5A/?view=visitor,3206924,10,20,Public
https://www.amazon.com/profilewidget/bio/amzn1.account.AHVPL2HEVQTKZ3L5TFJ533QXEGQA/?view=visitor,84191417,3,6,Public
https://www.amazon.com/profilewidget/bio/amzn1.account.AFABSIX5ZG73ZDJ75A7DV4ACVQOA/?view=visitor,2332170,32,35,Public
https://www.amazon.com/profilewidget/bio/amzn1.account.AHNYZ6Y3ZYQPHVD24RSHCMNFA3UA/?view=visitor,6395343,51,44,Public
https://www.amazon.com/profilewidget/bio/amzn1.account.AEPDCVNZE5HTF53IBNQGM3YPETRA/?view=visitor,945994,162,63,Public
https://www.amazon.com/profilewidget/bio/amzn1.account.AHSUPSETD6ZAELYBKC43ZVNAPO6Q/?view=visitor,705577,48,53,Public
https://www.amazon.com/profilewidget/bio/amzn1.account.AHOHLDFCSHNQCAD35DJJFSFALSNQ/?view=visitor,10917699,11,13,Public
https://www.amazon.com/profilewidget/bio/amzn1.account.AE3NVHVSDEGWNMTYMUJNHGENZ33A/?view=visitor,9725160,2,32,Public
https://www.amazon.com/profilewidget/bio/amzn1.account.AFDZLMUHYEH65S75KM7UFDPMMBWQ/?view=visitor,3845433,15,43,Public
https://www.amazon.com/profilewidget/bio/amzn1.account.AGHLHRIEN5FJM2Z5GVZR5VDHOC2Q/?view=visitor,5818828,6,17,Public
https://www.amazon.com/profilewidget/bio/amzn1.account.AG53ES4ONFXLLCU4WG3UTM4PILPA/?view=visitor,2370251,5,21,Public
https://www.amazon.com/profilewidget/bio/amzn1.account.AG4CLAAPMO5GGF2GDUDFIK3IR4IQ/?view=visitor,236572,343,140,Public
https://www.amazon.com/profilewidget/bio/amzn1.account.AGWHTJCZUHEJHNRNHZTEW2X365MA/?view=visitor,1577271,12,45,Public
https://www.amazon.com/profilewidget/bio/amzn1.account.AGEQLLRMPQ5MG2Y2YQKMNG5RU6RQ/?view=visitor,5663409,26,70,Public
https://www.amazon.com/profilewidget/bio/amzn1.account.AFL6BBOZHIGTG4GVQPRRJC72MLDQ/?view=visitor,1205233,41,172,Public
https://www.amazon.com/profilewidget/bio/amzn1.account.AFZ72VHF7SUPCSH74JVBQJWHCOSA/?view=visitor,78579,114,140,Public
https://www.amazon.com/profilewidget/bio/amzn1.account.AGAQRP62EWMLUZXH3HUDI6NXFR3A/?view=visitor,84245651,44,65,Public
https://www.amazon.com/profilewidget/bio/amzn1.account.AEK6I6GBNH2R5SMIQLTVSEMDTM5A/?view=visitor,84044928,18,52,Public
https://www.amazon.com/profilewidget/bio/amzn1.account.AECCTI75ZJFVF7WJETD5KDXFJZSA/?view=visitor,1443331,75,86,Public
https://www.amazon.com/profilewidget/bio/amzn1.account.AFQ7YTQXZJ4QTDLQAXQLQT2RAKPA/?view=visitor,1036175,29,35,Public
https://www.amazon.com/profilewidget/bio/amzn1.account.AG3LRCCZBGTCEGBIXWKNRZXQ6JQA/?view=visitor,8051075,1,14,Public
https://www.amazon.com/profilewidget/bio/amzn1.account.AH4IL5BZDJHY73NZEZPUJVU4AJGA/?view=visitor,2637499,25,54,Public
https://www.amazon.com/profilewidget/bio/amzn1.account.AHOXMXK6LP6DFMN7T7VGNWB5L25A/?view=visitor,5700426,2,12,Public
https://www.amazon.com/profilewidget/bio/amzn1.account.AHLRHZFBVZCYKVRYHYULKNC64IKA/?view=visitor,9868489,5,7,Public
https://www.amazon.com/profilewidget/bio/amzn1.account.AFNLINTLYWAMUDVBSW4YDSQI7WJQ/?view=visitor,674211,59,122,Public
https://www.amazon.com/profilewidget/bio/amzn1.account.AGALDIYL4NWELQDFD4RZXV3DAX3A/?view=visitor,1198053,17,60,Public
https://www.amazon.com/profilewidget/bio/amzn1.account.AHQE4TVV5FKKPCJST5K33LRPXSYA/?view=visitor,1251176,11,63,Public
https://www.amazon.com/profilewidget/bio/amzn1.account.AE37VEV2E5MHOUJWTMOKS3TARAOA/?view=visitor,25452862,1,6,Public
https://www.amazon.com/profilewidget/bio/amzn1.account.AFWRLKU4KYYM65N3PW3QSAW6HA6A/?view=visitor,84414708,11,20,Public
https://www.amazon.com/profilewidget/bio/amzn1.account.AFDESWR7DIO645OCXWLIGRTZNSGQ/?view=visitor,3530575,48,31,Public
https://www.amazon.com/profilewidget/bio/amzn1.account.AG3ALMZB4GNQHDEX2WVZYSBEHBAQ/?view=visitor,3561262,4,50,Public
https://www.amazon.com/profilewidget/bio/amzn1.account.AFTADHATF2PUBU4ZMHJ6YQYNGM7Q/?view=visitor,809704,184,141,Public
https://www.amazon.com/profilewidget/bio/amzn1.account.AH2PM5YY6FVNQ6DDX2GAGQMPBEIQ/?view=visitor,5380976,4,28,Public
https://www.amazon.com/profilewidget/bio/amzn1.account.AHN6AYQ6NZVM354EJZCKJMYNE7RA/?view=visitor,17754926,1,10,Public
https://www.amazon.com/profilewidget/bio/amzn1.account.AGKETHW5DXWMP3H4YYHWEKKNDUBA/?view=visitor,2470638,15,16,Public
https://www.amazon.com/profilewidget/bio/amzn1.account.AGAIRJP6JM6XBMJN45NWTA64FGMQ/?view=visitor,9725431,20,20,Public
https://www.amazon.com/profilewidget/bio/amzn1.account.AHBKYNVDGJCQQJH2QIT2WPNOHIMQ/?view=visitor,485537,84,73,Public
https://www.amazon.com/profilewidget/bio/amzn1.account.AHWGBE5SC7RL6ARWEGNTJFPJ6Z7Q/?view=visitor,3532242,9,16,Public
https://www.amazon.com/profilewidget/bio/amzn1.account.AHXDYDJLNBTYW3DSOYOLH5R37NAA/?view=visitor,16490948,0,9,Public
https://www.amazon.com/profilewidget/bio/amzn1.account.AEIZJVGSVE5UPA4ONXNOZQSJTI5Q/?view=visitor,2707909,8,11,Public
https://www.amazon.com/profilewidget/bio/amzn1.account.AFDLSDHIDYZM32J53SK4LMULMWPA/?view=visitor,2753576,46,71,Public
https://www.amazon.com/profilewidget/bio/amzn1.account.AEFJRPMYUFEUM4GSPSQPOVHOJANQ/?view=visitor,5735617,8,43,Public
https://www.amazon.com/profilewidget/bio/amzn1.account.AG4EI5Q3AIC2EXBMFWW5YJT24LMQ/?view=visitor,2974551,13,23,Public
https://www.amazon.com/profilewidget/bio/amzn1.account.AHD6UWIZHQKKRRM3DTZOUI25RK7Q/?view=visitor,591333,43,48,Public
https://www.amazon.com/profilewidget/bio/amzn1.account.AGDE2UXCO4CP5U37WA5GCM72VW5Q/?view=visitor,2281550,9,32,Public
https://www.amazon.com/profilewidget/bio/amzn1.account.AESWQEYE5T6SG5DWNDK66636FXJQ/?view=visitor,11009504,1,14,Public
https://www.amazon.com/profilewidget/bio/amzn1.account.AHIT4KW7JA2JX55QQF2PRV4NDJDA/?view=visitor,5864667,21,32,Public
https://www.amazon.com/profilewidget/bio/amzn1.account.AGHJPCUR7Z56YIPTXC4GEDJUVJXA/?view=visitor,2305075,93,41,Public
https://www.amazon.com/profilewidget/bio/amzn1.account.AE5TFZNE6BQXUZDLM4CB6S4HHRGA/?view=visitor,10691374,0,17,Public
https://www.amazon.com/profilewidget/bio/amzn1.account.AHSQKNGTUB5HXO7MOVTUJYEHHDCA/?view=visitor,15383797,0,14,Public
https://www.amazon.com/profilewidget/bio/amzn1.account.AGV442B5YL7YAI7YFPVKUQSNZ4MQ/?view=visitor,795670,35,42,Public
https://www.amazon.com/profilewidget/bio/amzn1.account.AGK4JS5QNE3WIK3H7OBWK2BN3H4Q/?view=visitor,25890745,0,3,Public
https://www.amazon.com/profilewidget/bio/amzn1.account.AEPNAAAIA2FFLVNLXHYTKDD3I3FA/?view=visitor,393085,87,78,Public
https://www.amazon.com/profilewidget/bio/amzn1.account.AFFPW3VQNAW3R2BSBQH7VYKDXXVQ/?view=visitor,7091768,3,12,Public
https://www.amazon.com/profilewidget/bio/amzn1.account.AGBTZUKJ5Y7H47QWUQECRLRPASNA/?view=visitor,3694786,19,49,Public
https://www.amazon.com/profilewidget/bio/amzn1.account.AFMWGOQNGJUVIUJMNLJR6KKPSWDA/?view=visitor,1503203,27,55,Public
https://www.amazon.com/profilewidget/bio/amzn1.account.AFBSDG7OA7IVZUSYP4HI6US56RGA/?view=visitor,5430671,3,20,Public
https://www.amazon.com/profilewidget/bio/amzn1.account.AFNOE767B4CHA5ZUWXLGGKCOCYXA/?view=visitor,8450023,0,34,Public
https://www.amazon.com/profilewidget/bio/amzn1.account.AEFCLAQLDKDENZULSUOOSPUEID3A/?view=visitor,17142889,1,7,Public
https://www.amazon.com/profilewidget/bio/amzn1.account.AG7WLRSW3WQVJ3G42YAZBDN5UAIQ/?view=visitor,84479023,101,20,Public
https://www.amazon.com/profilewidget/bio/amzn1.account.AEOBH5BL4S2IKF6BQHV3MFYWM2BA/?view=visitor,15850529,1,11,Public
